Name,PinCode,Day's
['Aaliyah'],1731,"[1, 2, 3, 4, 5]"
['Aarya'],6980,"[1, 2, 3, 4, 5]"
['Abby'],8080,"[1, 2, 3, 4, 5]"
['Abigail'],3047,"[1, 2, 3, 4, 5]"
['Ada'],5181,"[""'1'"", "" ' 2'"", "" ' 3'"", "" ' 4'"", "" ' 5'"", "" '2022-03-05'"", '2022-03-05']"
['Adalee'],5529,"[1, 2, 3, 4, 5]"
['Adaline'],2021,"[1, 2, 3, 4, 5]"
['Adalyn'],9932,"[1, 2, 3, 4, 5]"
['Adalynn'],6644,"[1, 2, 3, 4, 5]"
['Addilyn'],3935,"[1, 2, 3, 4, 5]"
['Addilynn'],2368,"[1, 2, 3, 4, 5]"
['Addison'],1892,"[1, 2, 3, 4, 5]"
['Addisyn'],2738,"[1, 2, 3, 4, 5]"
['Addyson'],8493,"[1, 2, 3, 4, 5]"
['Adelaide'],8943,"[1, 2, 3, 4, 5]"
['Adele'],3675,"[1, 2, 3, 4, 5]"
['Adelina'],6227,"[1, 2, 3, 4, 5]"
['Adeline'],3714,"[1, 2, 3, 4, 5]"
['Adelyn'],5639,"[1, 2, 3, 4, 5]"
['Adelynn'],6458,"[1, 2, 3, 4, 5]"
['Adley'],7579,"[1, 2, 3, 4, 5]"
['Adriana'],5053,"[1, 2, 3, 4, 5]"
['Adrianna'],7221,"[1, 2, 3, 4, 5]"
['Aila'],5576,"[1, 2, 3, 4, 5]"
['Ailani'],7395,"[1, 2, 3, 4, 5]"
['Aileen'],7878,"[1, 2, 3, 4, 5]"
['Ainhoa'],5308,"[1, 2, 3, 4, 5]"
['Ainsley'],6358,"[1, 2, 3, 4, 5]"
['Aisha'],1879,"[1, 2, 3, 4, 5]"
['Aislinn'],9376,"[1, 2, 3, 4, 5]"
['Aitana'],9311,"[1, 2, 3, 4, 5]"
['Alaia'],5022,"[1, 2, 3, 4, 5]"
['Alaina'],8527,"[1, 2, 3, 4, 5]"
['Alaiya'],1187,"[1, 2, 3, 4, 5]"
['Alana'],2564,"[1, 2, 3, 4, 5]"
['Alani'],7739,"[1, 2, 3, 4, 5]"
['Alanna'],9226,"[1, 2, 3, 4, 5]"
['Alaya'],7318,"[1, 2, 3, 4, 5]"
['Alayah'],4428,"[1, 2, 3, 4, 5]"
['Alayna'],8558,"[1, 2, 3, 4, 5]"
['Aleah'],7613,"[1, 2, 3, 4, 5]"
['Aleena'],6867,"[1, 2, 3, 4, 5]"
['Alejandra'],6934,"[1, 2, 3, 4, 5]"
['Alena'],4632,"[1, 2, 3, 4, 5]"
['Alessandra'],3943,"[1, 2, 3, 4, 5]"
['Alessia'],5899,"[1, 2, 3, 4, 5]"
['Alexa'],6278,"[1, 2, 3, 4, 5]"
['Alexandra'],6510,"[1, 2, 3, 4, 5]"
['Alexandria'],7657,"[1, 2, 3, 4, 5]"
['Alexia'],8875,"[1, 2, 3, 4, 5]"
['Alexis'],6616,"[1, 2, 3, 4, 5]"
['Alia'],3163,"[1, 2, 3, 4, 5]"
['Aliana'],6986,"[1, 2, 3, 4, 5]"
['Alianna'],6258,"[1, 2, 3, 4, 5]"
['Alice'],6066,"[1, 2, 3, 4, 5]"
['Alicia'],4312,"[1, 2, 3, 4, 5]"
['Alina'],2349,"[1, 2, 3, 4, 5]"
['Alison'],3574,"[1, 2, 3, 4, 5]"
['Alisson'],4848,"[1, 2, 3, 4, 5]"
['Alivia'],2673,"[1, 2, 3, 4, 5]"
['Aliya'],2612,"[1, 2, 3, 4, 5]"
['Aliyah'],3680,"[1, 2, 3, 4, 5]"
['Aliza'],2532,"[1, 2, 3, 4, 5]"
['Allie'],4637,"[1, 2, 3, 4, 5]"
['Allison'],6588,"[1, 2, 3, 4, 5]"
['Allyson'],7308,"[1, 2, 3, 4, 5]"
['Alma'],8811,"[1, 2, 3, 4, 5]"
['Alondra'],4621,"[1, 2, 3, 4, 5]"
['Alora'],3002,"[1, 2, 3, 4, 5]"
['Alyssa'],1517,"[1, 2, 3, 4, 5]"
['Amaia'],8239,"[1, 2, 3, 4, 5]"
['Amalia'],8990,"[1, 2, 3, 4, 5]"
['Amanda'],2387,"[1, 2, 3, 4, 5]"
['Amani'],1330,"[1, 2, 3, 4, 5]"
['Amara'],4266,"[1, 2, 3, 4, 5]"
['Amari'],6147,"[1, 2, 3, 4, 5]"
['Amaris'],7525,"[1, 2, 3, 4, 5]"
['Amaya'],2995,"[1, 2, 3, 4, 5]"
['Amayah'],5453,"[1, 2, 3, 4, 5]"
['Amber'],4302,"[1, 2, 3, 4, 5]"
['Amelia'],2907,"[1, 2, 3, 4, 5]"
['Amelie'],6859,"[1, 2, 3, 4, 5]"
['Amina'],9165,"[1, 2, 3, 4, 5]"
['Amira'],9057,"[1, 2, 3, 4, 5]"
['Amirah'],1045,"[1, 2, 3, 4, 5]"
['Amiyah'],7804,"[1, 2, 3, 4, 5]"
['Amora'],5133,"[1, 2, 3, 4, 5]"
['Amoura'],2675,"[1, 2, 3, 4, 5]"
['Amy'],6837,"[1, 2, 3, 4, 5]"
['Ana'],2418,"[1, 2, 3, 4, 5]"
['Anahi'],4138,"[1, 2, 3, 4, 5]"
['Anais'],4619,"[1, 2, 3, 4, 5]"
['Analia'],2954,"[1, 2, 3, 4, 5]"
['Anastasia'],4471,"[1, 2, 3, 4, 5]"
['Anaya'],5007,"[1, 2, 3, 4, 5]"
['Andi'],1157,"[1, 2, 3, 4, 5]"
['Andrea'],9486,"[1, 2, 3, 4, 5]"
['Angel'],1113,"[1, 2, 3, 4, 5]"
['Angela'],7828,"[1, 2, 3, 4, 5]"
['Angelica'],9533,"[1, 2, 3, 4, 5]"
['Angelina'],8303,"[1, 2, 3, 4, 5]"
['Angie'],6442,"[1, 2, 3, 4, 5]"
['Anika'],9858,"[1, 2, 3, 4, 5]"
['Aniya'],8390,"[1, 2, 3, 4, 5]"
['Aniyah'],7456,"[1, 2, 3, 4, 5]"
['Anna'],9855,"[1, 2, 3, 4, 5]"
['Annabella'],9780,"[1, 2, 3, 4, 5]"
['Annabelle'],2999,"[1, 2, 3, 4, 5]"
['Annalise'],8359,"[1, 2, 3, 4, 5]"
['Anne'],2977,"[1, 2, 3, 4, 5]"
['Annie'],8447,"[1, 2, 3, 4, 5]"
['Annika'],7356,"[1, 2, 3, 4, 5]"
['Ansley'],1476,"[1, 2, 3, 4, 5]"
['Antonella'],4643,"[1, 2, 3, 4, 5]"
['Anya'],4452,"[1, 2, 3, 4, 5]"
['April'],9466,"[1, 2, 3, 4, 5]"
['Arabella'],6845,"[1, 2, 3, 4, 5]"
['Araceli'],8245,"[1, 2, 3, 4, 5]"
['Ari'],8501,"[1, 2, 3, 4, 5]"
['Aria'],8335,"[1, 2, 3, 4, 5]"
['Ariah'],2032,"[1, 2, 3, 4, 5]"
['Ariana'],6894,"[1, 2, 3, 4, 5]"
['Arianna'],9167,"[1, 2, 3, 4, 5]"
['Ariel'],7633,"[1, 2, 3, 4, 5]"
['Ariella'],1850,"[1, 2, 3, 4, 5]"
['Arielle'],9779,"[1, 2, 3, 4, 5]"
['Ariya'],8220,"[1, 2, 3, 4, 5]"
['Ariyah'],9762,"[1, 2, 3, 4, 5]"
['Armani'],7202,"[1, 2, 3, 4, 5]"
['Artemis'],1476,"[1, 2, 3, 4, 5]"
['Arya'],5715,"[1, 2, 3, 4, 5]"
['Ashley'],3953,"[1, 2, 3, 4, 5]"
['Ashlyn'],4221,"[1, 2, 3, 4, 5]"
['Ashlynn'],7300,"[1, 2, 3, 4, 5]"
['Aspen'],3014,"[1, 2, 3, 4, 5]"
['Aspyn'],1102,"[1, 2, 3, 4, 5]"
['Astrid'],6331,"[1, 2, 3, 4, 5]"
['Athena'],5345,"[1, 2, 3, 4, 5]"
['Aubree'],2247,"[1, 2, 3, 4, 5]"
['Aubrey'],9948,"[1, 2, 3, 4, 5]"
['Aubrie'],9956,"[1, 2, 3, 4, 5]"
['Aubriella'],5653,"[1, 2, 3, 4, 5]"
['Aubrielle'],9043,"[1, 2, 3, 4, 5]"
['Audrey'],3434,"[1, 2, 3, 4, 5]"
['August'],6315,"[1, 2, 3, 4, 5]"
['Aurelia'],8255,"[1, 2, 3, 4, 5]"
['Aurora'],4256,"[1, 2, 3, 4, 5]"
['Autumn'],5579,"[1, 2, 3, 4, 5]"
['Ava'],7591,"[1, 2, 3, 4, 5]"
['Avah'],7390,"[1, 2, 3, 4, 5]"
['Avalynn'],2678,"[1, 2, 3, 4, 5]"
['Avayah'],2072,"[1, 2, 3, 4, 5]"
['Averi'],1816,"[1, 2, 3, 4, 5]"
['Averie'],2848,"[1, 2, 3, 4, 5]"
['Avery'],7991,"[1, 2, 3, 4, 5]"
['Aviana'],2080,"[1, 2, 3, 4, 5]"
['Avianna'],6565,"[1, 2, 3, 4, 5]"
['Aya'],3318,"[1, 2, 3, 4, 5]"
['Ayla'],6768,"[1, 2, 3, 4, 5]"
['Ayleen'],9736,"[1, 2, 3, 4, 5]"
['Aylin'],3225,"[1, 2, 3, 4, 5]"
['Azalea'],2432,"[1, 2, 3, 4, 5]"
['Azariah'],8541,"[1, 2, 3, 4, 5]"
['Bailee'],6261,"[1, 2, 3, 4, 5]"
['Bailey'],8008,"[1, 2, 3, 4, 5]"
['Barbara'],4078,"[1, 2, 3, 4, 5]"
['Baylee'],9895,"[1, 2, 3, 4, 5]"
['Beatrice'],1838,"[1, 2, 3, 4, 5]"
['Belen'],4078,"[1, 2, 3, 4, 5]"
['Bella'],5248,"[1, 2, 3, 4, 5]"
['Bellamy'],9984,"[1, 2, 3, 4, 5]"
['Belle'],3629,"[1, 2, 3, 4, 5]"
['Berkley'],2335,"[1, 2, 3, 4, 5]"
['Bethany'],4862,"[1, 2, 3, 4, 5]"
['Bexley'],3838,"[1, 2, 3, 4, 5]"
['Bianca'],4840,"[1, 2, 3, 4, 5]"
['Blair'],8231,"[1, 2, 3, 4, 5]"
['Blaire'],1456,"[1, 2, 3, 4, 5]"
['Blake'],7475,"[1, 2, 3, 4, 5]"
['Blakely'],9706,"[1, 2, 3, 4, 5]"
['Bonnie'],8519,"[1, 2, 3, 4, 5]"
['Braelyn'],8851,"[1, 2, 3, 4, 5]"
['Braelynn'],2106,"[1, 2, 3, 4, 5]"
['Braylee'],5361,"[1, 2, 3, 4, 5]"
['Bria'],5075,"[1, 2, 3, 4, 5]"
['Briana'],6049,"[1, 2, 3, 4, 5]"
['Brianna'],8938,"[1, 2, 3, 4, 5]"
['Briar'],3297,"[1, 2, 3, 4, 5]"
['Bridget'],8355,"[1, 2, 3, 4, 5]"
['Briella'],3175,"[1, 2, 3, 4, 5]"
['Brielle'],9807,"[1, 2, 3, 4, 5]"
['Brinley'],7735,"[1, 2, 3, 4, 5]"
['Bristol'],5767,"[1, 2, 3, 4, 5]"
['Brittany'],5772,"[1, 2, 3, 4, 5]"
['Brooke'],8271,"[1, 2, 3, 4, 5]"
['Brooklyn'],9718,"[1, 2, 3, 4, 5]"
['Brooklynn'],3182,"[1, 2, 3, 4, 5]"
['Brylee'],4901,"[1, 2, 3, 4, 5]"
['Brynlee'],7764,"[1, 2, 3, 4, 5]"
['Brynleigh'],7580,"[1, 2, 3, 4, 5]"
['Brynn'],4586,"[1, 2, 3, 4, 5]"
['Cadence'],5577,"[1, 2, 3, 4, 5]"
['Cali'],1031,"[1, 2, 3, 4, 5]"
['Callie'],4749,"[1, 2, 3, 4, 5]"
['Calliope'],5306,"[1, 2, 3, 4, 5]"
['Cameron'],6270,"[1, 2, 3, 4, 5]"
['Camila'],8886,"[1, 2, 3, 4, 5]"
['Camilla'],7772,"[1, 2, 3, 4, 5]"
['Camille'],5432,"[1, 2, 3, 4, 5]"
['Camryn'],2993,"[1, 2, 3, 4, 5]"
['Capri'],2370,"[1, 2, 3, 4, 5]"
['Cara'],8093,"[1, 2, 3, 4, 5]"
['Carly'],5325,"[1, 2, 3, 4, 5]"
['Carmen'],8039,"[1, 2, 3, 4, 5]"
['Carolina'],4412,"[1, 2, 3, 4, 5]"
['Caroline'],1906,"[1, 2, 3, 4, 5]"
['Carolyn'],5117,"[1, 2, 3, 4, 5]"
['Carter'],8802,"[1, 2, 3, 4, 5]"
['Cassandra'],5347,"[1, 2, 3, 4, 5]"
['Cassidy'],4171,"[1, 2, 3, 4, 5]"
['Cataleya'],1146,"[1, 2, 3, 4, 5]"
['Catalina'],2087,"[1, 2, 3, 4, 5]"
['Catherine'],4956,"[1, 2, 3, 4, 5]"
['Cecelia'],2031,"[1, 2, 3, 4, 5]"
['Cecilia'],8101,"[1, 2, 3, 4, 5]"
['Celeste'],6637,"[1, 2, 3, 4, 5]"
['Celia'],3466,"[1, 2, 3, 4, 5]"
['Celine'],8489,"[1, 2, 3, 4, 5]"
['Chana'],4436,"[1, 2, 3, 4, 5]"
['Chandler'],8493,"[1, 2, 3, 4, 5]"
['Chanel'],8895,"[1, 2, 3, 4, 5]"
['Charlee'],9702,"[1, 2, 3, 4, 5]"
['Charleigh'],2356,"[1, 2, 3, 4, 5]"
['Charley'],1069,"[1, 2, 3, 4, 5]"
['Charli'],2950,"[1, 2, 3, 4, 5]"
['Charlie'],8873,"[1, 2, 3, 4, 5]"
['Charlotte'],6036,"[1, 2, 3, 4, 5]"
['Chaya'],4927,"[1, 2, 3, 4, 5]"
['Chelsea'],1042,"[1, 2, 3, 4, 5]"
['Cheyenne'],2276,"[1, 2, 3, 4, 5]"
['Chloe'],5344,"[1, 2, 3, 4, 5]"
['Christina'],2389,"[1, 2, 3, 4, 5]"
['Claire'],2112,"[1, 2, 3, 4, 5]"
['Clara'],3951,"[1, 2, 3, 4, 5]"
['Clare'],6811,"[1, 2, 3, 4, 5]"
['Clarissa'],7316,"[1, 2, 3, 4, 5]"
['Clementine'],4898,"[1, 2, 3, 4, 5]"
['Cleo'],9471,"[1, 2, 3, 4, 5]"
['Colette'],2675,"[1, 2, 3, 4, 5]"
['Collins'],7408,"[1, 2, 3, 4, 5]"
['Cora'],9361,"[1, 2, 3, 4, 5]"
['Coraline'],5048,"[1, 2, 3, 4, 5]"
['Corinne'],6029,"[1, 2, 3, 4, 5]"
['Crystal'],1437,"[1, 2, 3, 4, 5]"
['Cynthia'],3838,"[1, 2, 3, 4, 5]"
['Dahlia'],7758,"[1, 2, 3, 4, 5]"
['Daisy'],1695,"[1, 2, 3, 4, 5]"
['Dakota'],9744,"[1, 2, 3, 4, 5]"
['Dalary'],6438,"[1, 2, 3, 4, 5]"
['Daleyza'],9560,"[1, 2, 3, 4, 5]"
['Dallas'],9931,"[1, 2, 3, 4, 5]"
['Dani'],5959,"[1, 2, 3, 4, 5]"
['Daniela'],8473,"[1, 2, 3, 4, 5]"
['Daniella'],4415,"[1, 2, 3, 4, 5]"
['Danielle'],9157,"[1, 2, 3, 4, 5]"
['Danna'],8179,"[1, 2, 3, 4, 5]"
['Daphne'],7405,"[1, 2, 3, 4, 5]"
['David'],1039,"[1, 2, 3, 4, 5]"
['Davina'],6210,"[1, 2, 3, 4, 5]"
['Dayana'],6554,"[1, 2, 3, 4, 5]"
['Deborah'],2046,"[1, 2, 3, 4, 5]"
['Delaney'],4999,"[1, 2, 3, 4, 5]"
['Delilah'],7921,"[1, 2, 3, 4, 5]"
['Della'],9907,"[1, 2, 3, 4, 5]"
['Demi'],8006,"[1, 2, 3, 4, 5]"
['Denise'],1132,"[1, 2, 3, 4, 5]"
['Denisse'],5656,"[1, 2, 3, 4, 5]"
['Denver'],4179,"[1, 2, 3, 4, 5]"
['Destiny'],5091,"[1, 2, 3, 4, 5]"
['Diana'],7079,"[1, 2, 3, 4, 5]"
['Dior'],5402,"[1, 2, 3, 4, 5]"
['Dorothy'],7325,"[1, 2, 3, 4, 5]"
['Dream'],8308,"[1, 2, 3, 4, 5]"
['Drew'],8942,"[1, 2, 3, 4, 5]"
['Dulce'],4840,"[1, 2, 3, 4, 5]"
['Dylan'],5551,"[1, 2, 3, 4, 5]"
['Eden'],2834,"[1, 2, 3, 4, 5]"
['Edith'],6712,"[1, 2, 3, 4, 5]"
['Egypt'],8356,"[1, 2, 3, 4, 5]"
['Eileen'],6117,"[1, 2, 3, 4, 5]"
['Elaina'],6328,"[1, 2, 3, 4, 5]"
['Elaine'],4338,"[1, 2, 3, 4, 5]"
['Eleanor'],8395,"[1, 2, 3, 4, 5]"
['Elena'],3428,"[1, 2, 3, 4, 5]"
['Eliana'],1220,"[1, 2, 3, 4, 5]"
['Elianna'],6482,"[1, 2, 3, 4, 5]"
['Elina'],5956,"[1, 2, 3, 4, 5]"
['Elisa'],5638,"[1, 2, 3, 4, 5]"
['Elisabeth'],6473,"[1, 2, 3, 4, 5]"
['Elise'],3227,"[1, 2, 3, 4, 5]"
['Eliza'],4845,"[1, 2, 3, 4, 5]"
['Elizabeth'],3739,"[1, 2, 3, 4, 5]"
['Ella'],5976,"[1, 2, 3, 4, 5]"
['Elle'],4276,"[1, 2, 3, 4, 5]"
['Ellen'],5699,"[1, 2, 3, 4, 5]"
['Elliana'],8024,"[1, 2, 3, 4, 5]"
['Ellianna'],6958,"[1, 2, 3, 4, 5]"
['Ellie'],9891,"[1, 2, 3, 4, 5]"
['Elliot'],7497,"[1, 2, 3, 4, 5]"
['Elliott'],5376,"[1, 2, 3, 4, 5]"
['Ellis'],5517,"[1, 2, 3, 4, 5]"
['Ellison'],8047,"[1, 2, 3, 4, 5]"
['Elodie'],9351,"[1, 2, 3, 4, 5]"
['Eloise'],3411,"[1, 2, 3, 4, 5]"
['Elora'],7832,"[1, 2, 3, 4, 5]"
['Elsa'],6259,"[1, 2, 3, 4, 5]"
['Elsie'],5759,"[1, 2, 3, 4, 5]"
['Elyse'],7992,"[1, 2, 3, 4, 5]"
['Emani'],4106,"[1, 2, 3, 4, 5]"
['Ember'],9432,"[1, 2, 3, 4, 5]"
['Emberly'],2891,"[1, 2, 3, 4, 5]"
['Emelia'],6566,"[1, 2, 3, 4, 5]"
['Emely'],9211,"[1, 2, 3, 4, 5]"
['Emerald'],8236,"[1, 2, 3, 4, 5]"
['Emerie'],1082,"[1, 2, 3, 4, 5]"
['Emerson'],9512,"[1, 2, 3, 4, 5]"
['Emersyn'],6192,"[1, 2, 3, 4, 5]"
['Emery'],5304,"[1, 2, 3, 4, 5]"
['Emilia'],9890,"[1, 2, 3, 4, 5]"
['Emily'],3364,"[1, 2, 3, 4, 5]"
['Emma'],5726,"[1, 2, 3, 4, 5]"
['Emmaline'],6630,"[1, 2, 3, 4, 5]"
['Emmalyn'],9297,"[1, 2, 3, 4, 5]"
['Emmalynn'],2492,"[1, 2, 3, 4, 5]"
['Emmeline'],3859,"[1, 2, 3, 4, 5]"
['Emmie'],9488,"[1, 2, 3, 4, 5]"
['Emmy'],9831,"[1, 2, 3, 4, 5]"
['Emory'],2224,"[1, 2, 3, 4, 5]"
['Ensley'],8300,"[1, 2, 3, 4, 5]"
['Erin'],9086,"[1, 2, 3, 4, 5]"
['Esme'],2889,"[1, 2, 3, 4, 5]"
['Esmeralda'],7284,"[1, 2, 3, 4, 5]"
['Esperanza'],2868,"[1, 2, 3, 4, 5]"
['Estella'],1728,"[1, 2, 3, 4, 5]"
['Estelle'],7378,"[1, 2, 3, 4, 5]"
['Esther'],6184,"[1, 2, 3, 4, 5]"
['Estrella'],6420,"[1, 2, 3, 4, 5]"
['Etta'],6668,"[1, 2, 3, 4, 5]"
['Eva'],1081,"[1, 2, 3, 4, 5]"
['Evangeline'],9433,"[1, 2, 3, 4, 5]"
['Eve'],9922,"[1, 2, 3, 4, 5]"
['Evelyn'],9906,"[1, 2, 3, 4, 5]"
['Evelynn'],2158,"[1, 2, 3, 4, 5]"
['Everlee'],9966,"[1, 2, 3, 4, 5]"
['Everleigh'],3500,"[1, 2, 3, 4, 5]"
['Everly'],7154,"[1, 2, 3, 4, 5]"
['Evie'],9174,"[1, 2, 3, 4, 5]"
['Ezra'],4902,"[1, 2, 3, 4, 5]"
['Faith'],8479,"[1, 2, 3, 4, 5]"
['Fallon'],8196,"[1, 2, 3, 4, 5]"
['Fatima'],6847,"[1, 2, 3, 4, 5]"
['Fatima'],5924,"[1, 2, 3, 4, 5]"
['Faye'],8873,"[1, 2, 3, 4, 5]"
['Felicity'],1239,"[1, 2, 3, 4, 5]"
['Fernanda'],6540,"[1, 2, 3, 4, 5]"
['Finley'],1170,"[1, 2, 3, 4, 5]"
['Fiona'],2915,"[1, 2, 3, 4, 5]"
['Flora'],2377,"[1, 2, 3, 4, 5]"
['Florence'],6777,"[1, 2, 3, 4, 5]"
['Frances'],1232,"[1, 2, 3, 4, 5]"
['Francesca'],7427,"[1, 2, 3, 4, 5]"
['Frankie'],8011,"[1, 2, 3, 4, 5]"
['Freya'],9032,"[1, 2, 3, 4, 5]"
['Freyja'],1462,"[1, 2, 3, 4, 5]"
['Frida'],8063,"[1, 2, 3, 4, 5]"
['Gabriela'],4179,"[1, 2, 3, 4, 5]"
['Gabriella'],4852,"[1, 2, 3, 4, 5]"
['Gabrielle'],9882,"[1, 2, 3, 4, 5]"
['Galilea'],4184,"[1, 2, 3, 4, 5]"
['Gemma'],9736,"[1, 2, 3, 4, 5]"
['Genesis'],4689,"[1, 2, 3, 4, 5]"
['Genevieve'],4805,"[1, 2, 3, 4, 5]"
['Georgia'],3466,"[1, 2, 3, 4, 5]"
['Gia'],6185,"[1, 2, 3, 4, 5]"
['Giana'],3219,"[1, 2, 3, 4, 5]"
['Gianna'],1971,"[1, 2, 3, 4, 5]"
['Giavanna'],8405,"[1, 2, 3, 4, 5]"
['Giovanna'],6781,"[1, 2, 3, 4, 5]"
['Giselle'],7015,"[1, 2, 3, 4, 5]"
['Giuliana'],4370,"[1, 2, 3, 4, 5]"
['Gloria'],2901,"[1, 2, 3, 4, 5]"
['Grace'],5746,"[1, 2, 3, 4, 5]"
['Gracelyn'],4587,"[1, 2, 3, 4, 5]"
['Gracelynn'],4844,"[1, 2, 3, 4, 5]"
['Gracie'],1110,"[1, 2, 3, 4, 5]"
['Greta'],3679,"[1, 2, 3, 4, 5]"
['Guadalupe'],5190,"[1, 2, 3, 4, 5]"
['Gwen'],2521,"[1, 2, 3, 4, 5]"
['Gwendolyn'],7791,"[1, 2, 3, 4, 5]"
['Hadassah'],5180,"[1, 2, 3, 4, 5]"
['Hadlee'],1201,"[1, 2, 3, 4, 5]"
['Hadleigh'],8211,"[1, 2, 3, 4, 5]"
['Hadley'],6972,"[1, 2, 3, 4, 5]"
['Hailey'],7234,"[1, 2, 3, 4, 5]"
['Haisley'],8563,"[1, 2, 3, 4, 5]"
['Haley'],8277,"[1, 2, 3, 4, 5]"
['Halle'],4186,"[1, 2, 3, 4, 5]"
['Hallie'],1865,"[1, 2, 3, 4, 5]"
['Halo'],4307,"[1, 2, 3, 4, 5]"
['Hana'],8555,"[1, 2, 3, 4, 5]"
['Hanna'],2357,"[1, 2, 3, 4, 5]"
['Hannah'],7933,"[1, 2, 3, 4, 5]"
['Harlee'],1428,"[1, 2, 3, 4, 5]"
['Harleigh'],8932,"[1, 2, 3, 4, 5]"
['Harley'],8382,"[1, 2, 3, 4, 5]"
['Harlow'],8227,"[1, 2, 3, 4, 5]"
['Harmoni'],4284,"[1, 2, 3, 4, 5]"
['Harmony'],2817,"[1, 2, 3, 4, 5]"
['Harper'],4047,"[1, 2, 3, 4, 5]"
['Hassan'],3297,"[1, 2, 3, 4, 5]"
['Hattie'],1318,"[1, 2, 3, 4, 5]"
['Haven'],7340,"[1, 2, 3, 4, 5]"
['Hayden'],8311,"[1, 2, 3, 4, 5]"
['Haylee'],4521,"[1, 2, 3, 4, 5]"
['Hayley'],4132,"[1, 2, 3, 4, 5]"
['Hazel'],6101,"[1, 2, 3, 4, 5]"
['Heaven'],5808,"[1, 2, 3, 4, 5]"
['Heidi'],1796,"[1, 2, 3, 4, 5]"
['Helen'],1756,"[1, 2, 3, 4, 5]"
['Helena'],2553,"[1, 2, 3, 4, 5]"
['Henley'],5405,"[1, 2, 3, 4, 5]"
['Holland'],8424,"[1, 2, 3, 4, 5]"
['Holly'],6627,"[1, 2, 3, 4, 5]"
['Hope'],2092,"[1, 2, 3, 4, 5]"
['Hunter'],8415,"[1, 2, 3, 4, 5]"
['Ickra'],7177,"[1, 2, 3, 4, 5]"
['Ila'],1748,"[1, 2, 3, 4, 5]"
['Iliana'],4236,"[1, 2, 3, 4, 5]"
['Imani'],4345,"[1, 2, 3, 4, 5]"
['Indie'],4051,"[1, 2, 3, 4, 5]"
['Irene'],5900,"[1, 2, 3, 4, 5]"
['Iris'],9594,"[1, 2, 3, 4, 5]"
['Isabel'],4423,"[1, 2, 3, 4, 5]"
['Isabela'],5736,"[1, 2, 3, 4, 5]"
['Isabella'],4261,"[1, 2, 3, 4, 5]"
['Isabelle'],9454,"[1, 2, 3, 4, 5]"
['Isla'],5036,"[1, 2, 3, 4, 5]"
['Itzayana'],9409,"[1, 2, 3, 4, 5]"
['Itzel'],4607,"[1, 2, 3, 4, 5]"
['Ivanna'],2723,"[1, 2, 3, 4, 5]"
['Ivory'],8390,"[1, 2, 3, 4, 5]"
['Ivy'],7009,"[1, 2, 3, 4, 5]"
['Iyla'],4320,"[1, 2, 3, 4, 5]"
['Izabella'],6836,"[1, 2, 3, 4, 5]"
['Jacqueline'],7151,"[1, 2, 3, 4, 5]"
['Jada'],8903,"[1, 2, 3, 4, 5]"
['Jade'],8310,"[1, 2, 3, 4, 5]"
['Jaelynn'],7378,"[1, 2, 3, 4, 5]"
['Jaliyah'],1262,"[1, 2, 3, 4, 5]"
['Jamie'],6157,"[1, 2, 3, 4, 5]"
['Jane'],2348,"[1, 2, 3, 4, 5]"
['Janelle'],5541,"[1, 2, 3, 4, 5]"
['Janiyah'],9383,"[1, 2, 3, 4, 5]"
['Jasmine'],9138,"[1, 2, 3, 4, 5]"
['Jaycee'],7891,"[1, 2, 3, 4, 5]"
['Jayda'],8509,"[1, 2, 3, 4, 5]"
['Jayla'],9598,"[1, 2, 3, 4, 5]"
['Jaylah'],4338,"[1, 2, 3, 4, 5]"
['Jaylee'],5765,"[1, 2, 3, 4, 5]"
['Jayleen'],1314,"[1, 2, 3, 4, 5]"
['Jaylin'],6559,"[1, 2, 3, 4, 5]"
['Jazlyn'],2886,"[1, 2, 3, 4, 5]"
['Jazmin'],8330,"[1, 2, 3, 4, 5]"
['Jazmine'],9142,"[1, 2, 3, 4, 5]"
['Jemma'],9936,"[1, 2, 3, 4, 5]"
['Jenesis'],5080,"[1, 2, 3, 4, 5]"
['Jenna'],7787,"[1, 2, 3, 4, 5]"
['Jennifer'],9008,"[1, 2, 3, 4, 5]"
['Jessica'],8415,"[1, 2, 3, 4, 5]"
['Jessie'],7945,"[1, 2, 3, 4, 5]"
['Jianna'],7726,"[1, 2, 3, 4, 5]"
['Jillian'],6735,"[1, 2, 3, 4, 5]"
['Jimena'],8196,"[1, 2, 3, 4, 5]"
['Joanna'],6643,"[1, 2, 3, 4, 5]"
['Jocelyn'],1534,"[1, 2, 3, 4, 5]"
['Joelle'],7302,"[1, 2, 3, 4, 5]"
['Johanna'],9320,"[1, 2, 3, 4, 5]"
['Jolene'],9740,"[1, 2, 3, 4, 5]"
['Jolie'],1537,"[1, 2, 3, 4, 5]"
['Jordan'],7246,"[1, 2, 3, 4, 5]"
['Jordyn'],8023,"[1, 2, 3, 4, 5]"
['Josephine'],2549,"[1, 2, 3, 4, 5]"
['Josie'],1293,"[1, 2, 3, 4, 5]"
['Journee'],2115,"[1, 2, 3, 4, 5]"
['Journey'],9070,"[1, 2, 3, 4, 5]"
['Journi'],4493,"[1, 2, 3, 4, 5]"
['Jovie'],3844,"[1, 2, 3, 4, 5]"
['Joy'],9108,"[1, 2, 3, 4, 5]"
['Joyce'],5927,"[1, 2, 3, 4, 5]"
['Judith'],2930,"[1, 2, 3, 4, 5]"
['Julia'],1975,"[1, 2, 3, 4, 5]"
['Juliana'],8590,"[1, 2, 3, 4, 5]"
['Julianna'],5388,"[1, 2, 3, 4, 5]"
['Julie'],8324,"[1, 2, 3, 4, 5]"
['Juliet'],9379,"[1, 2, 3, 4, 5]"
['Julieta'],4864,"[1, 2, 3, 4, 5]"
['Juliette'],2449,"[1, 2, 3, 4, 5]"
['Julissa'],2265,"[1, 2, 3, 4, 5]"
['June'],3700,"[1, 2, 3, 4, 5]"
['Juniper'],3122,"[1, 2, 3, 4, 5]"
['Justice'],2389,"[1, 2, 3, 4, 5]"
['Kadence'],7110,"[1, 2, 3, 4, 5]"
['Kai'],5674,"[1, 2, 3, 4, 5]"
['Kaia'],6867,"[1, 2, 3, 4, 5]"
['Kailani'],3842,"[1, 2, 3, 4, 5]"
['Kailey'],1365,"[1, 2, 3, 4, 5]"
['Kairi'],4706,"[1, 2, 3, 4, 5]"
['Kaisley'],3216,"[1, 2, 3, 4, 5]"
['Kaitlyn'],1890,"[1, 2, 3, 4, 5]"
['Kaiya'],9688,"[1, 2, 3, 4, 5]"
['Kalani'],3569,"[1, 2, 3, 4, 5]"
['Kali'],4396,"[1, 2, 3, 4, 5]"
['Kaliyah'],3547,"[1, 2, 3, 4, 5]"
['Kallie'],5677,"[1, 2, 3, 4, 5]"
['Kamari'],7859,"[1, 2, 3, 4, 5]"
['Kamila'],9631,"[1, 2, 3, 4, 5]"
['Kamilah'],6252,"[1, 2, 3, 4, 5]"
['Kamiyah'],1777,"[1, 2, 3, 4, 5]"
['Kamryn'],1833,"[1, 2, 3, 4, 5]"
['Kara'],6588,"[1, 2, 3, 4, 5]"
['Karen'],9239,"[1, 2, 3, 4, 5]"
['Karina'],7336,"[1, 2, 3, 4, 5]"
['Karla'],3105,"[1, 2, 3, 4, 5]"
['Karsyn'],8350,"[1, 2, 3, 4, 5]"
['Karter'],2413,"[1, 2, 3, 4, 5]"
['Kassidy'],7605,"[1, 2, 3, 4, 5]"
['Kataleya'],7269,"[1, 2, 3, 4, 5]"
['Katalina'],7704,"[1, 2, 3, 4, 5]"
['Kate'],3530,"[1, 2, 3, 4, 5]"
['Katelyn'],5807,"[1, 2, 3, 4, 5]"
['Katherine'],8073,"[1, 2, 3, 4, 5]"
['Kathryn'],1948,"[1, 2, 3, 4, 5]"
['Katie'],2993,"[1, 2, 3, 4, 5]"
['Kaydence'],6641,"[1, 2, 3, 4, 5]"
['Kayla'],5723,"[1, 2, 3, 4, 5]"
['Kaylani'],9435,"[1, 2, 3, 4, 5]"
['Kaylee'],8004,"[1, 2, 3, 4, 5]"
['Kayleigh'],5037,"[1, 2, 3, 4, 5]"
['Kaylie'],8549,"[1, 2, 3, 4, 5]"
['Kehlani'],6616,"[1, 2, 3, 4, 5]"
['Keilani'],9553,"[1, 2, 3, 4, 5]"
['Keily'],9248,"[1, 2, 3, 4, 5]"
['Keira'],7633,"[1, 2, 3, 4, 5]"
['Kelly'],6405,"[1, 2, 3, 4, 5]"
['Kelsey'],7040,"[1, 2, 3, 4, 5]"
['Kendall'],6852,"[1, 2, 3, 4, 5]"
['Kendra'],5012,"[1, 2, 3, 4, 5]"
['Kenia'],7904,"[1, 2, 3, 4, 5]"
['Kenna'],5263,"[1, 2, 3, 4, 5]"
['Kennedi'],7808,"[1, 2, 3, 4, 5]"
['Kennedy'],8710,"[1, 2, 3, 4, 5]"
['Kensley'],9153,"[1, 2, 3, 4, 5]"
['Kenzie'],8520,"[1, 2, 3, 4, 5]"
['Keyla'],9680,"[1, 2, 3, 4, 5]"
['Khalani'],1232,"[1, 2, 3, 4, 5]"
['Khaleesi'],4601,"[1, 2, 3, 4, 5]"
['Khloe'],1527,"[1, 2, 3, 4, 5]"
['Kiana'],8738,"[1, 2, 3, 4, 5]"
['Kiara'],8337,"[1, 2, 3, 4, 5]"
['Kimber'],7280,"[1, 2, 3, 4, 5]"
['Kimberly'],4147,"[1, 2, 3, 4, 5]"
['Kimora'],7769,"[1, 2, 3, 4, 5]"
['Kinley'],3149,"[1, 2, 3, 4, 5]"
['Kinslee'],9947,"[1, 2, 3, 4, 5]"
['Kinsley'],8357,"[1, 2, 3, 4, 5]"
['Kira'],6358,"[1, 2, 3, 4, 5]"
['Kora'],9537,"[1, 2, 3, 4, 5]"
['Kori'],4822,"[1, 2, 3, 4, 5]"
['Kyla'],9538,"[1, 2, 3, 4, 5]"
['Kylee'],7674,"[1, 2, 3, 4, 5]"
['Kyleigh'],1414,"[1, 2, 3, 4, 5]"
['Kylie'],4623,"[1, 2, 3, 4, 5]"
['Kynlee'],2985,"[1, 2, 3, 4, 5]"
['Kyra'],6280,"[1, 2, 3, 4, 5]"
['Lacey'],5045,"[1, 2, 3, 4, 5]"
['Laila'],7696,"[1, 2, 3, 4, 5]"
['Lainey'],7286,"[1, 2, 3, 4, 5]"
['Lana'],7233,"[1, 2, 3, 4, 5]"
['Landry'],6062,"[1, 2, 3, 4, 5]"
['Laney'],5301,"[1, 2, 3, 4, 5]"
['Lara'],9507,"[1, 2, 3, 4, 5]"
['Laura'],4836,"[1, 2, 3, 4, 5]"
['Laurel'],9644,"[1, 2, 3, 4, 5]"
['Lauren'],9008,"[1, 2, 3, 4, 5]"
['Lauryn'],7963,"[1, 2, 3, 4, 5]"
['Layla'],4965,"[1, 2, 3, 4, 5]"
['Laylah'],1238,"[1, 2, 3, 4, 5]"
['Laylani'],3674,"[1, 2, 3, 4, 5]"
['Layne'],8005,"[1, 2, 3, 4, 5]"
['Lea'],7206,"[1, 2, 3, 4, 5]"
['Leah'],3211,"[1, 2, 3, 4, 5]"
['Leanna'],3695,"[1, 2, 3, 4, 5]"
['Legacy'],3616,"[1, 2, 3, 4, 5]"
['Leia'],5121,"[1, 2, 3, 4, 5]"
['Leighton'],7617,"[1, 2, 3, 4, 5]"
['Leila'],4463,"[1, 2, 3, 4, 5]"
['Leilani'],6105,"[1, 2, 3, 4, 5]"
['Leilany'],6537,"[1, 2, 3, 4, 5]"
['Lena'],1980,"[1, 2, 3, 4, 5]"
['Lennon'],3011,"[1, 2, 3, 4, 5]"
['Lennox'],7273,"[1, 2, 3, 4, 5]"
['Leona'],9836,"[1, 2, 3, 4, 5]"
['Leslie'],1460,"[1, 2, 3, 4, 5]"
['Lexi'],9521,"[1, 2, 3, 4, 5]"
['Lexie'],7748,"[1, 2, 3, 4, 5]"
['Leyla'],9635,"[1, 2, 3, 4, 5]"
['Lia'],3978,"[1, 2, 3, 4, 5]"
['Liana'],1944,"[1, 2, 3, 4, 5]"
['Liberty'],9426,"[1, 2, 3, 4, 5]"
['Lila'],5252,"[1, 2, 3, 4, 5]"
['Lilah'],4076,"[1, 2, 3, 4, 5]"
['Lilian'],8587,"[1, 2, 3, 4, 5]"
['Liliana'],6478,"[1, 2, 3, 4, 5]"
['Lilianna'],1079,"[1, 2, 3, 4, 5]"
['Lilith'],2265,"[1, 2, 3, 4, 5]"
['Lillian'],4133,"[1, 2, 3, 4, 5]"
['Lilliana'],6053,"[1, 2, 3, 4, 5]"
['Lillie'],1774,"[1, 2, 3, 4, 5]"
['Lilly'],8947,"[1, 2, 3, 4, 5]"
['Lily'],4640,"[1, 2, 3, 4, 5]"
['Lilyana'],5812,"[1, 2, 3, 4, 5]"
['Lina'],5457,"[1, 2, 3, 4, 5]"
['Linda'],3023,"[1, 2, 3, 4, 5]"
['Liv'],5887,"[1, 2, 3, 4, 5]"
['Livia'],4129,"[1, 2, 3, 4, 5]"
['Logan'],3896,"[1, 2, 3, 4, 5]"
['Lola'],7698,"[1, 2, 3, 4, 5]"
['London'],9648,"[1, 2, 3, 4, 5]"
['Londyn'],5351,"[1, 2, 3, 4, 5]"
['Lorelai'],2982,"[1, 2, 3, 4, 5]"
['Lorelei'],4007,"[1, 2, 3, 4, 5]"
['Loretta'],7577,"[1, 2, 3, 4, 5]"
['Louisa'],3380,"[1, 2, 3, 4, 5]"
['Louise'],5306,"[1, 2, 3, 4, 5]"
['Lucia'],4991,"[1, 2, 3, 4, 5]"
['Luciana'],9230,"[1, 2, 3, 4, 5]"
['Lucille'],3011,"[1, 2, 3, 4, 5]"
['Lucy'],4689,"[1, 2, 3, 4, 5]"
['Luella'],2327,"[1, 2, 3, 4, 5]"
['Luisa'],5669,"[1, 2, 3, 4, 5]"
['Luna'],1167,"[1, 2, 3, 4, 5]"
['Lyanna'],5577,"[1, 2, 3, 4, 5]"
['Lydia'],2069,"[1, 2, 3, 4, 5]"
['Lyla'],3890,"[1, 2, 3, 4, 5]"
['Lylah'],1258,"[1, 2, 3, 4, 5]"
['Lyra'],8282,"[1, 2, 3, 4, 5]"
['Lyric'],4444,"[1, 2, 3, 4, 5]"
['Mabel'],3998,"[1, 2, 3, 4, 5]"
['Maci'],1190,"[1, 2, 3, 4, 5]"
['Macie'],1434,"[1, 2, 3, 4, 5]"
['Mackenzie'],9361,"[1, 2, 3, 4, 5]"
['Macy'],3253,"[1, 2, 3, 4, 5]"
['Madalyn'],4192,"[1, 2, 3, 4, 5]"
['Madalynn'],3706,"[1, 2, 3, 4, 5]"
['Maddison'],9942,"[1, 2, 3, 4, 5]"
['Madeleine'],3458,"[1, 2, 3, 4, 5]"
['Madeline'],9941,"[1, 2, 3, 4, 5]"
['Madelyn'],5056,"[1, 2, 3, 4, 5]"
['Madelynn'],9185,"[1, 2, 3, 4, 5]"
['Madilyn'],6487,"[1, 2, 3, 4, 5]"
['Madilynn'],3941,"[1, 2, 3, 4, 5]"
['Madison'],4199,"[1, 2, 3, 4, 5]"
['Madisyn'],9739,"[1, 2, 3, 4, 5]"
['Mae'],9408,"[1, 2, 3, 4, 5]"
['Maeve'],6685,"[1, 2, 3, 4, 5]"
['Magdalena'],7506,"[1, 2, 3, 4, 5]"
['Maggie'],6443,"[1, 2, 3, 4, 5]"
['Magnolia'],5538,"[1, 2, 3, 4, 5]"
['Maia'],4692,"[1, 2, 3, 4, 5]"
['Maisie'],9284,"[1, 2, 3, 4, 5]"
['Makayla'],5810,"[1, 2, 3, 4, 5]"
['Makenna'],4394,"[1, 2, 3, 4, 5]"
['Makenzie'],1082,"[1, 2, 3, 4, 5]"
['Malani'],7619,"[1, 2, 3, 4, 5]"
['Malaya'],3319,"[1, 2, 3, 4, 5]"
['Malayah'],1628,"[1, 2, 3, 4, 5]"
['Malaysia'],8031,"[1, 2, 3, 4, 5]"
['Maleah'],5863,"[1, 2, 3, 4, 5]"
['Malia'],5259,"[1, 2, 3, 4, 5]"
['Maliyah'],4077,"[1, 2, 3, 4, 5]"
['Mallory'],3262,"[1, 2, 3, 4, 5]"
['Mara'],3256,"[1, 2, 3, 4, 5]"
['Marceline'],2245,"[1, 2, 3, 4, 5]"
['Maren'],8637,"[1, 2, 3, 4, 5]"
['Margaret'],5159,"[1, 2, 3, 4, 5]"
['Margo'],9598,"[1, 2, 3, 4, 5]"
['Margot'],5356,"[1, 2, 3, 4, 5]"
['Maria'],2824,"[1, 2, 3, 4, 5]"
['Mariah'],6683,"[1, 2, 3, 4, 5]"
['Mariam'],6039,"[1, 2, 3, 4, 5]"
['Mariana'],7026,"[1, 2, 3, 4, 5]"
['Marianna'],1071,"[1, 2, 3, 4, 5]"
['Marie'],5624,"[1, 2, 3, 4, 5]"
['Marilyn'],9537,"[1, 2, 3, 4, 5]"
['Marina'],3000,"[1, 2, 3, 4, 5]"
['Marisol'],5429,"[1, 2, 3, 4, 5]"
['Marlee'],7782,"[1, 2, 3, 4, 5]"
['Marleigh'],6048,"[1, 2, 3, 4, 5]"
['Marley'],6365,"[1, 2, 3, 4, 5]"
['Marlowe'],1823,"[1, 2, 3, 4, 5]"
['Martha'],8137,"[1, 2, 3, 4, 5]"
['Mary'],4931,"[1, 2, 3, 4, 5]"
['Maryam'],5541,"[1, 2, 3, 4, 5]"
['Matilda'],6990,"[1, 2, 3, 4, 5]"
['Mavis'],5952,"[1, 2, 3, 4, 5]"
['Maxine'],6656,"[1, 2, 3, 4, 5]"
['Maya'],3767,"[1, 2, 3, 4, 5]"
['Mazikeen'],9216,"[1, 2, 3, 4, 5]"
['Mckenna'],3083,"[1, 2, 3, 4, 5]"
['Mckenzie'],2994,"[1, 2, 3, 4, 5]"
['Mckinley'],6953,"[1, 2, 3, 4, 5]"
['Meadow'],3542,"[1, 2, 3, 4, 5]"
['Megan'],7912,"[1, 2, 3, 4, 5]"
['Meghan'],1881,"[1, 2, 3, 4, 5]"
['Meilani'],4448,"[1, 2, 3, 4, 5]"
['Melani'],8696,"[1, 2, 3, 4, 5]"
['Melanie'],3167,"[1, 2, 3, 4, 5]"
['Melany'],8196,"[1, 2, 3, 4, 5]"
['Melina'],8187,"[1, 2, 3, 4, 5]"
['Melissa'],9292,"[1, 2, 3, 4, 5]"
['Melody'],4507,"[1, 2, 3, 4, 5]"
['Mercy'],7714,"[1, 2, 3, 4, 5]"
['Meredith'],8306,"[1, 2, 3, 4, 5]"
['Mia'],1249,"[1, 2, 3, 4, 5]"
['Michaela'],7780,"[1, 2, 3, 4, 5]"
['Michelle'],1986,"[1, 2, 3, 4, 5]"
['Mikaela'],4096,"[1, 2, 3, 4, 5]"
['Mikayla'],8251,"[1, 2, 3, 4, 5]"
['Mila'],9335,"[1, 2, 3, 4, 5]"
['Milan'],2532,"[1, 2, 3, 4, 5]"
['Milana'],1556,"[1, 2, 3, 4, 5]"
['Milani'],7755,"[1, 2, 3, 4, 5]"
['Milena'],5311,"[1, 2, 3, 4, 5]"
['Miley'],1121,"[1, 2, 3, 4, 5]"
['Millie'],6630,"[1, 2, 3, 4, 5]"
['Mina'],7115,"[1, 2, 3, 4, 5]"
['Mira'],3763,"[1, 2, 3, 4, 5]"
['Miracle'],8442,"[1, 2, 3, 4, 5]"
['Miranda'],9752,"[1, 2, 3, 4, 5]"
['Miriam'],8859,"[1, 2, 3, 4, 5]"
['Molly'],8852,"[1, 2, 3, 4, 5]"
['Monica'],6641,"[1, 2, 3, 4, 5]"
['Monroe'],5494,"[1, 2, 3, 4, 5]"
['Morgan'],3955,"[1, 2, 3, 4, 5]"
['Murphy'],6308,"[1, 2, 3, 4, 5]"
['Mya'],5545,"[1, 2, 3, 4, 5]"
['Myla'],2407,"[1, 2, 3, 4, 5]"
['Mylah'],4546,"[1, 2, 3, 4, 5]"
['Myra'],3594,"[1, 2, 3, 4, 5]"
['Nadia'],2792,"[1, 2, 3, 4, 5]"
['Nala'],7020,"[1, 2, 3, 4, 5]"
['Nalani'],3172,"[1, 2, 3, 4, 5]"
['Nancy'],2672,"[1, 2, 3, 4, 5]"
['Naomi'],7048,"[1, 2, 3, 4, 5]"
['Natalia'],8184,"[1, 2, 3, 4, 5]"
['Natalie'],7915,"[1, 2, 3, 4, 5]"
['Nataly'],8196,"[1, 2, 3, 4, 5]"
['Natasha'],5923,"[1, 2, 3, 4, 5]"
['Nathalia'],8422,"[1, 2, 3, 4, 5]"
['Nathalie'],3279,"[1, 2, 3, 4, 5]"
['Navy'],7042,"[1, 2, 3, 4, 5]"
['Naya'],5411,"[1, 2, 3, 4, 5]"
['Nayeli'],6670,"[1, 2, 3, 4, 5]"
['Nellie'],5861,"[1, 2, 3, 4, 5]"
['Nevaeh'],2867,"[1, 2, 3, 4, 5]"
['Nia'],8978,"[1, 2, 3, 4, 5]"
['Nicole'],7200,"[1, 2, 3, 4, 5]"
['Nina'],4171,"[1, 2, 3, 4, 5]"
['Noa'],5640,"[1, 2, 3, 4, 5]"
['Noah'],6292,"[1, 2, 3, 4, 5]"
['Noelle'],2511,"[1, 2, 3, 4, 5]"
['Noemi'],8844,"[1, 2, 3, 4, 5]"
['Nola'],6066,"[1, 2, 3, 4, 5]"
['Noor'],6030,"[1, 2, 3, 4, 5]"
['Nora'],7090,"[1, 2, 3, 4, 5]"
['Norah'],8455,"[1, 2, 3, 4, 5]"
['Nova'],9651,"[1, 2, 3, 4, 5]"
['Novah'],8800,"[1, 2, 3, 4, 5]"
['Novalee'],8323,"[1, 2, 3, 4, 5]"
['Nyla'],7827,"[1, 2, 3, 4, 5]"
['Nylah'],3142,"[1, 2, 3, 4, 5]"
['Nyomi'],3717,"[1, 2, 3, 4, 5]"
['Oaklee'],9995,"[1, 2, 3, 4, 5]"
['Oakleigh'],6709,"[1, 2, 3, 4, 5]"
['Oakley'],6600,"[1, 2, 3, 4, 5]"
['Oaklyn'],3055,"[1, 2, 3, 4, 5]"
['Oaklynn'],4470,"[1, 2, 3, 4, 5]"
['Octavia'],8272,"[1, 2, 3, 4, 5]"
['Olive'],8703,"[1, 2, 3, 4, 5]"
['Olivia'],8064,"[1, 2, 3, 4, 5]"
['Opal'],1617,"[1, 2, 3, 4, 5]"
['Ophelia'],5678,"[1, 2, 3, 4, 5]"
['Paige'],9015,"[1, 2, 3, 4, 5]"
['Paislee'],8204,"[1, 2, 3, 4, 5]"
['Paisleigh'],9630,"[1, 2, 3, 4, 5]"
['Paisley'],7676,"[1, 2, 3, 4, 5]"
['Paityn'],5640,"[1, 2, 3, 4, 5]"
['Palmer'],9022,"[1, 2, 3, 4, 5]"
['Paloma'],1122,"[1, 2, 3, 4, 5]"
['Paola'],4473,"[1, 2, 3, 4, 5]"
['Paris'],5323,"[1, 2, 3, 4, 5]"
['Parker'],9563,"[1, 2, 3, 4, 5]"
['Paula'],3304,"[1, 2, 3, 4, 5]"
['Paulina'],6768,"[1, 2, 3, 4, 5]"
['Payton'],2292,"[1, 2, 3, 4, 5]"
['Pearl'],4392,"[1, 2, 3, 4, 5]"
['Penelope'],2470,"[1, 2, 3, 4, 5]"
['Penny'],4445,"[1, 2, 3, 4, 5]"
['Persephone'],5310,"[1, 2, 3, 4, 5]"
['Peyton'],8809,"[1, 2, 3, 4, 5]"
['Phoebe'],1381,"[1, 2, 3, 4, 5]"
['Phoenix'],9893,"[1, 2, 3, 4, 5]"
['Piper'],7649,"[1, 2, 3, 4, 5]"
['Poppy'],7422,"[1, 2, 3, 4, 5]"
['Presley'],4793,"[1, 2, 3, 4, 5]"
['Princess'],4377,"[1, 2, 3, 4, 5]"
['Priscilla'],8125,"[1, 2, 3, 4, 5]"
['Promise'],7075,"[1, 2, 3, 4, 5]"
['Queen'],8657,"[1, 2, 3, 4, 5]"
['Quinn'],5164,"[1, 2, 3, 4, 5]"
['Rachel'],9758,"[1, 2, 3, 4, 5]"
['Raegan'],5247,"[1, 2, 3, 4, 5]"
['Raelyn'],1020,"[1, 2, 3, 4, 5]"
['Raelynn'],1451,"[1, 2, 3, 4, 5]"
['Raina'],4935,"[1, 2, 3, 4, 5]"
['Ramona'],8223,"[1, 2, 3, 4, 5]"
['Raquel'],5439,"[1, 2, 3, 4, 5]"
['Raven'],9821,"[1, 2, 3, 4, 5]"
['Raya'],3236,"[1, 2, 3, 4, 5]"
['Rayna'],6015,"[1, 2, 3, 4, 5]"
['Rayne'],6977,"[1, 2, 3, 4, 5]"
['Reagan'],6248,"[1, 2, 3, 4, 5]"
['Rebecca'],1382,"[1, 2, 3, 4, 5]"
['Rebekah'],3282,"[1, 2, 3, 4, 5]"
['Reese'],6794,"[1, 2, 3, 4, 5]"
['Regina'],5148,"[1, 2, 3, 4, 5]"
['Reign'],3484,"[1, 2, 3, 4, 5]"
['Reina'],3247,"[1, 2, 3, 4, 5]"
['Remi'],1860,"[1, 2, 3, 4, 5]"
['Remington'],5322,"[1, 2, 3, 4, 5]"
['Remy'],7122,"[1, 2, 3, 4, 5]"
['Renata'],8958,"[1, 2, 3, 4, 5]"
['Reyna'],2143,"[1, 2, 3, 4, 5]"
['Rhea'],7615,"[1, 2, 3, 4, 5]"
['Riley'],9599,"[1, 2, 3, 4, 5]"
['River'],8640,"[1, 2, 3, 4, 5]"
['Rivka'],8969,"[1, 2, 3, 4, 5]"
['Robin'],2213,"[1, 2, 3, 4, 5]"
['Romina'],5041,"[1, 2, 3, 4, 5]"
['Rory'],7838,"[1, 2, 3, 4, 5]"
['Rosa'],3770,"[1, 2, 3, 4, 5]"
['Rosalee'],9962,"[1, 2, 3, 4, 5]"
['Rosalia'],5748,"[1, 2, 3, 4, 5]"
['Rosalie'],6088,"[1, 2, 3, 4, 5]"
['Rosalyn'],1530,"[1, 2, 3, 4, 5]"
['Rose'],4940,"[1, 2, 3, 4, 5]"
['Roselyn'],7097,"[1, 2, 3, 4, 5]"
['Rosemary'],9043,"[1, 2, 3, 4, 5]"
['Rosie'],2456,"[1, 2, 3, 4, 5]"
['Rowan'],9933,"[1, 2, 3, 4, 5]"
['Royal'],9825,"[1, 2, 3, 4, 5]"
['Royalty'],6521,"[1, 2, 3, 4, 5]"
['Ruby'],5021,"[1, 2, 3, 4, 5]"
['Ruth'],2151,"[1, 2, 3, 4, 5]"
['Ryan'],8991,"[1, 2, 3, 4, 5]"
['Ryann'],7511,"[1, 2, 3, 4, 5]"
['Rylan'],3990,"[1, 2, 3, 4, 5]"
['Rylee'],7265,"[1, 2, 3, 4, 5]"
['Ryleigh'],8326,"[1, 2, 3, 4, 5]"
['Rylie'],2454,"[1, 2, 3, 4, 5]"
['Sabrina'],2482,"[1, 2, 3, 4, 5]"
['Sadie'],6069,"[1, 2, 3, 4, 5]"
['Sage'],1381,"[1, 2, 3, 4, 5]"
['Saige'],1817,"[1, 2, 3, 4, 5]"
['Salem'],2544,"[1, 2, 3, 4, 5]"
['Samantha'],2831,"[1, 2, 3, 4, 5]"
['Samara'],5455,"[1, 2, 3, 4, 5]"
['Samira'],4586,"[1, 2, 3, 4, 5]"
['Saoirse'],1571,"[1, 2, 3, 4, 5]"
['Sara'],1215,"[1, 2, 3, 4, 5]"
['Sarah'],6538,"[1, 2, 3, 4, 5]"
['Sarai'],3821,"[1, 2, 3, 4, 5]"
['Sariah'],7764,"[1, 2, 3, 4, 5]"
['Sariyah'],5389,"[1, 2, 3, 4, 5]"
['Sasha'],6244,"[1, 2, 3, 4, 5]"
['Savanna'],3269,"[1, 2, 3, 4, 5]"
['Savannah'],7226,"[1, 2, 3, 4, 5]"
['Sawyer'],6143,"[1, 2, 3, 4, 5]"
['Saylor'],7520,"[1, 2, 3, 4, 5]"
['Scarlet'],7655,"[1, 2, 3, 4, 5]"
['Scarlett'],5185,"[1, 2, 3, 4, 5]"
['Scarlette'],7477,"[1, 2, 3, 4, 5]"
['Scout'],9242,"[1, 2, 3, 4, 5]"
['Selah'],3955,"[1, 2, 3, 4, 5]"
['Selena'],7743,"[1, 2, 3, 4, 5]"
['Selene'],7033,"[1, 2, 3, 4, 5]"
['Serena'],3133,"[1, 2, 3, 4, 5]"
['Serenity'],4922,"[1, 2, 3, 4, 5]"
['Sevyn'],8176,"[1, 2, 3, 4, 5]"
['Shay'],5406,"[1, 2, 3, 4, 5]"
['Shelby'],3171,"[1, 2, 3, 4, 5]"
['Shiloh'],8726,"[1, 2, 3, 4, 5]"
['Siena'],5233,"[1, 2, 3, 4, 5]"
['Sienna'],1170,"[1, 2, 3, 4, 5]"
['Sierra'],6727,"[1, 2, 3, 4, 5]"
['Simone'],8311,"[1, 2, 3, 4, 5]"
['Sky'],3066,"[1, 2, 3, 4, 5]"
['Skye'],4604,"[1, 2, 3, 4, 5]"
['Skyla'],6307,"[1, 2, 3, 4, 5]"
['Skylar'],2077,"[1, 2, 3, 4, 5]"
['Skyler'],6299,"[1, 2, 3, 4, 5]"
['Sloan'],8000,"[1, 2, 3, 4, 5]"
['Sloane'],9104,"[1, 2, 3, 4, 5]"
['Sofia'],9105,"[1, 2, 3, 4, 5]"
['Sophia'],1155,"[1, 2, 3, 4, 5]"
['Sophie'],5531,"[1, 2, 3, 4, 5]"
['Stella'],6703,"[1, 2, 3, 4, 5]"
['Stephanie'],6211,"[1, 2, 3, 4, 5]"
['Stevie'],7097,"[1, 2, 3, 4, 5]"
['Stormi'],6049,"[1, 2, 3, 4, 5]"
['Summer'],3165,"[1, 2, 3, 4, 5]"
['Sunny'],4395,"[1, 2, 3, 4, 5]"
['Sutton'],8746,"[1, 2, 3, 4, 5]"
['Sydney'],2915,"[1, 2, 3, 4, 5]"
['Sylvia'],9802,"[1, 2, 3, 4, 5]"
['Sylvie'],6423,"[1, 2, 3, 4, 5]"
['Talia'],9477,"[1, 2, 3, 4, 5]"
['Tatum'],8071,"[1, 2, 3, 4, 5]"
['Taylor'],1983,"[1, 2, 3, 4, 5]"
['Teagan'],9235,"[1, 2, 3, 4, 5]"
['Teresa'],1972,"[1, 2, 3, 4, 5]"
['Tessa'],8775,"[1, 2, 3, 4, 5]"
['Thalia'],9865,"[1, 2, 3, 4, 5]"
['Thea'],2010,"[1, 2, 3, 4, 5]"
['Theodora'],9349,"[1, 2, 3, 4, 5]"
['Tiana'],1445,"[1, 2, 3, 4, 5]"
['Tiffany'],7944,"[1, 2, 3, 4, 5]"
['Tinsley'],6998,"[1, 2, 3, 4, 5]"
['Tori'],6330,"[1, 2, 3, 4, 5]"
['Treasure'],2680,"[1, 2, 3, 4, 5]"
['Trinity'],2581,"[1, 2, 3, 4, 5]"
['Vada'],8335,"[1, 2, 3, 4, 5]"
['Valentina'],5035,"[1, 2, 3, 4, 5]"
['Valeria'],6133,"[1, 2, 3, 4, 5]"
['Valerie'],9172,"[1, 2, 3, 4, 5]"
['Valery'],7366,"[1, 2, 3, 4, 5]"
['Vanessa'],9712,"[1, 2, 3, 4, 5]"
['Veda'],9579,"[1, 2, 3, 4, 5]"
['Vera'],5796,"[1, 2, 3, 4, 5]"
['Veronica'],6878,"[1, 2, 3, 4, 5]"
['Victoria'],3637,"[1, 2, 3, 4, 5]"
['Vienna'],9328,"[1, 2, 3, 4, 5]"
['Violet'],3405,"[1, 2, 3, 4, 5]"
['Violeta'],7425,"[1, 2, 3, 4, 5]"
['Violette'],2807,"[1, 2, 3, 4, 5]"
['Virginia'],2241,"[1, 2, 3, 4, 5]"
['Vivian'],3700,"[1, 2, 3, 4, 5]"
['Viviana'],9775,"[1, 2, 3, 4, 5]"
['Vivienne'],8430,"[1, 2, 3, 4, 5]"
['Waverly'],6769,"[1, 2, 3, 4, 5]"
['Whitley'],4708,"[1, 2, 3, 4, 5]"
['Whitney'],1512,"[1, 2, 3, 4, 5]"
['Willa'],1710,"[1, 2, 3, 4, 5]"
['Willow'],8521,"[1, 2, 3, 4, 5]"
['Winnie'],2059,"[1, 2, 3, 4, 5]"
['Winter'],9020,"[1, 2, 3, 4, 5]"
['Wren'],6975,"[1, 2, 3, 4, 5]"
['Wrenley'],7233,"[1, 2, 3, 4, 5]"
['Wynter'],6853,"[1, 2, 3, 4, 5]"
['Ximena'],5502,"[1, 2, 3, 4, 5]"
['Xiomara'],2583,"[1, 2, 3, 4, 5]"
['Yamileth'],2547,"[1, 2, 3, 4, 5]"
['Yara'],3479,"[1, 2, 3, 4, 5]"
['Yareli'],7580,"[1, 2, 3, 4, 5]"
['Yaretzi'],8808,"[1, 2, 3, 4, 5]"
['Yasmin'],9432,"[1, 2, 3, 4, 5]"
['Yousuf'],4220,"['1', ' 2', ' 3', ' 4', ' 5', '2022-03-05']"
['Zahra'],9518,"[1, 2, 3, 4, 5]"
['Zahraa'],3429,"[1, 2, 3, 4, 5]"
['Zainab'],7898,"[1, 2, 3, 4, 5]"
['Zaniyah'],1283,"[1, 2, 3, 4, 5]"
['Zara'],2274,"[1, 2, 3, 4, 5]"
['Zaria'],2140,"[1, 2, 3, 4, 5]"
['Zariah'],3365,"[1, 2, 3, 4, 5]"
['Zariyah'],9955,"[1, 2, 3, 4, 5]"
['Zaylee'],8646,"[1, 2, 3, 4, 5]"
['Zelda'],7640,"[1, 2, 3, 4, 5]"
['Zendaya'],4199,"[1, 2, 3, 4, 5]"
['Zhuri'],6327,"[1, 2, 3, 4, 5]"
['Zoe'],5457,"[1, 2, 3, 4, 5]"
['Zoey'],2709,"[1, 2, 3, 4, 5]"
['Zoie'],5472,"[1, 2, 3, 4, 5]"
['Zola'],2975,"[1, 2, 3, 4, 5]"
['Zora'],7261,"[1, 2, 3, 4, 5]"
['Zoya'],8543,"[1, 2, 3, 4, 5]"
['Zuri'],6877,"[1, 2, 3, 4, 5]"
