Name,Day's
['Yousuf'],"[1, 2, 3, 4, 5]"
['Zahraa'],"[1, 2, 3, 4, 5]"
['David'],"[1, 2, 3, 4, 5]"
['Fatima'],"[1, 2, 3, 4, 5]"
['Ickra'],"[1, 2, 3, 4, 5]"
['Hassan'],"[1, 2, 3, 4, 5]"
['Olivia'],"[1, 2, 3, 4, 5]"
['Emma'],"[1, 2, 3, 4, 5]"
['Ava'],"[1, 2, 3, 4, 5]"
['Charlotte'],"[1, 2, 3, 4, 5]"
['Sophia'],"[1, 2, 3, 4, 5]"
['Amelia'],"[1, 2, 3, 4, 5]"
['Isabella'],"[1, 2, 3, 4, 5]"
['Mia'],"[1, 2, 3, 4, 5]"
['Evelyn'],"[1, 2, 3, 4, 5]"
['Harper'],"[1, 2, 3, 4, 5]"
['Camila'],"[1, 2, 3, 4, 5]"
['Gianna'],"[1, 2, 3, 4, 5]"
['Abigail'],"[1, 2, 3, 4, 5]"
['Luna'],"[1, 2, 3, 4, 5]"
['Ella'],"[1, 2, 3, 4, 5]"
['Elizabeth'],"[1, 2, 3, 4, 5]"
['Sofia'],"[1, 2, 3, 4, 5]"
['Emily'],"[1, 2, 3, 4, 5]"
['Avery'],"[1, 2, 3, 4, 5]"
['Mila'],"[1, 2, 3, 4, 5]"
['Scarlett'],"[1, 2, 3, 4, 5]"
['Eleanor'],"[1, 2, 3, 4, 5]"
['Madison'],"[1, 2, 3, 4, 5]"
['Layla'],"[1, 2, 3, 4, 5]"
['Penelope'],"[1, 2, 3, 4, 5]"
['Aria'],"[1, 2, 3, 4, 5]"
['Chloe'],"[1, 2, 3, 4, 5]"
['Grace'],"[1, 2, 3, 4, 5]"
['Ellie'],"[1, 2, 3, 4, 5]"
['Nora'],"[1, 2, 3, 4, 5]"
['Hazel'],"[1, 2, 3, 4, 5]"
['Zoey'],"[1, 2, 3, 4, 5]"
['Riley'],"[1, 2, 3, 4, 5]"
['Victoria'],"[1, 2, 3, 4, 5]"
['Lily'],"[1, 2, 3, 4, 5]"
['Aurora'],"[1, 2, 3, 4, 5]"
['Violet'],"[1, 2, 3, 4, 5]"
['Nova'],"[1, 2, 3, 4, 5]"
['Hannah'],"[1, 2, 3, 4, 5]"
['Emilia'],"[1, 2, 3, 4, 5]"
['Zoe'],"[1, 2, 3, 4, 5]"
['Stella'],"[1, 2, 3, 4, 5]"
['Everly'],"[1, 2, 3, 4, 5]"
['Isla'],"[1, 2, 3, 4, 5]"
['Leah'],"[1, 2, 3, 4, 5]"
['Lillian'],"[1, 2, 3, 4, 5]"
['Addison'],"[1, 2, 3, 4, 5]"
['Willow'],"[1, 2, 3, 4, 5]"
['Lucy'],"[1, 2, 3, 4, 5]"
['Paisley'],"[1, 2, 3, 4, 5]"
['Natalie'],"[1, 2, 3, 4, 5]"
['Naomi'],"[1, 2, 3, 4, 5]"
['Eliana'],"[1, 2, 3, 4, 5]"
['Brooklyn'],"[1, 2, 3, 4, 5]"
['Elena'],"[1, 2, 3, 4, 5]"
['Aubrey'],"[1, 2, 3, 4, 5]"
['Claire'],"[1, 2, 3, 4, 5]"
['Ivy'],"[1, 2, 3, 4, 5]"
['Kinsley'],"[1, 2, 3, 4, 5]"
['Audrey'],"[1, 2, 3, 4, 5]"
['Maya'],"[1, 2, 3, 4, 5]"
['Genesis'],"[1, 2, 3, 4, 5]"
['Skylar'],"[1, 2, 3, 4, 5]"
['Bella'],"[1, 2, 3, 4, 5]"
['Aaliyah'],"[1, 2, 3, 4, 5]"
['Madelyn'],"[1, 2, 3, 4, 5]"
['Savannah'],"[1, 2, 3, 4, 5]"
['Anna'],"[1, 2, 3, 4, 5]"
['Delilah'],"[1, 2, 3, 4, 5]"
['Serenity'],"[1, 2, 3, 4, 5]"
['Caroline'],"[1, 2, 3, 4, 5]"
['Kennedy'],"[1, 2, 3, 4, 5]"
['Valentina'],"[1, 2, 3, 4, 5]"
['Ruby'],"[1, 2, 3, 4, 5]"
['Sophie'],"[1, 2, 3, 4, 5]"
['Alice'],"[1, 2, 3, 4, 5]"
['Gabriella'],"[1, 2, 3, 4, 5]"
['Sadie'],"[1, 2, 3, 4, 5]"
['Ariana'],"[1, 2, 3, 4, 5]"
['Allison'],"[1, 2, 3, 4, 5]"
['Hailey'],"[1, 2, 3, 4, 5]"
['Autumn'],"[1, 2, 3, 4, 5]"
['Nevaeh'],"[1, 2, 3, 4, 5]"
['Natalia'],"[1, 2, 3, 4, 5]"
['Quinn'],"[1, 2, 3, 4, 5]"
['Josephine'],"[1, 2, 3, 4, 5]"
['Sarah'],"[1, 2, 3, 4, 5]"
['Cora'],"[1, 2, 3, 4, 5]"
['Emery'],"[1, 2, 3, 4, 5]"
['Samantha'],"[1, 2, 3, 4, 5]"
['Piper'],"[1, 2, 3, 4, 5]"
['Leilani'],"[1, 2, 3, 4, 5]"
['Eva'],"[1, 2, 3, 4, 5]"
['Everleigh'],"[1, 2, 3, 4, 5]"
['Madeline'],"[1, 2, 3, 4, 5]"
['Lydia'],"[1, 2, 3, 4, 5]"
['Jade'],"[1, 2, 3, 4, 5]"
['Peyton'],"[1, 2, 3, 4, 5]"
['Brielle'],"[1, 2, 3, 4, 5]"
['Adeline'],"[1, 2, 3, 4, 5]"
['Vivian'],"[1, 2, 3, 4, 5]"
['Rylee'],"[1, 2, 3, 4, 5]"
['Clara'],"[1, 2, 3, 4, 5]"
['Raelynn'],"[1, 2, 3, 4, 5]"
['Melanie'],"[1, 2, 3, 4, 5]"
['Melody'],"[1, 2, 3, 4, 5]"
['Julia'],"[1, 2, 3, 4, 5]"
['Athena'],"[1, 2, 3, 4, 5]"
['Maria'],"[1, 2, 3, 4, 5]"
['Liliana'],"[1, 2, 3, 4, 5]"
['Hadley'],"[1, 2, 3, 4, 5]"
['Arya'],"[1, 2, 3, 4, 5]"
['Rose'],"[1, 2, 3, 4, 5]"
['Reagan'],"[1, 2, 3, 4, 5]"
['Eliza'],"[1, 2, 3, 4, 5]"
['Adalynn'],"[1, 2, 3, 4, 5]"
['Kaylee'],"[1, 2, 3, 4, 5]"
['Lyla'],"[1, 2, 3, 4, 5]"
['Mackenzie'],"[1, 2, 3, 4, 5]"
['Alaia'],"[1, 2, 3, 4, 5]"
['Isabelle'],"[1, 2, 3, 4, 5]"
['Charlie'],"[1, 2, 3, 4, 5]"
['Arianna'],"[1, 2, 3, 4, 5]"
['Mary'],"[1, 2, 3, 4, 5]"
['Remi'],"[1, 2, 3, 4, 5]"
['Margaret'],"[1, 2, 3, 4, 5]"
['Iris'],"[1, 2, 3, 4, 5]"
['Parker'],"[1, 2, 3, 4, 5]"
['Ximena'],"[1, 2, 3, 4, 5]"
['Eden'],"[1, 2, 3, 4, 5]"
['Ayla'],"[1, 2, 3, 4, 5]"
['Kylie'],"[1, 2, 3, 4, 5]"
['Elliana'],"[1, 2, 3, 4, 5]"
['Josie'],"[1, 2, 3, 4, 5]"
['Katherine'],"[1, 2, 3, 4, 5]"
['Faith'],"[1, 2, 3, 4, 5]"
['Alexandra'],"[1, 2, 3, 4, 5]"
['Eloise'],"[1, 2, 3, 4, 5]"
['Adalyn'],"[1, 2, 3, 4, 5]"
['Amaya'],"[1, 2, 3, 4, 5]"
['Jasmine'],"[1, 2, 3, 4, 5]"
['Amara'],"[1, 2, 3, 4, 5]"
['Daisy'],"[1, 2, 3, 4, 5]"
['Reese'],"[1, 2, 3, 4, 5]"
['Valerie'],"[1, 2, 3, 4, 5]"
['Brianna'],"[1, 2, 3, 4, 5]"
['Cecilia'],"[1, 2, 3, 4, 5]"
['Andrea'],"[1, 2, 3, 4, 5]"
['Summer'],"[1, 2, 3, 4, 5]"
['Valeria'],"[1, 2, 3, 4, 5]"
['Norah'],"[1, 2, 3, 4, 5]"
['Ariella'],"[1, 2, 3, 4, 5]"
['Esther'],"[1, 2, 3, 4, 5]"
['Ashley'],"[1, 2, 3, 4, 5]"
['Emerson'],"[1, 2, 3, 4, 5]"
['Aubree'],"[1, 2, 3, 4, 5]"
['Isabel'],"[1, 2, 3, 4, 5]"
['Anastasia'],"[1, 2, 3, 4, 5]"
['Ryleigh'],"[1, 2, 3, 4, 5]"
['Khloe'],"[1, 2, 3, 4, 5]"
['Taylor'],"[1, 2, 3, 4, 5]"
['Londyn'],"[1, 2, 3, 4, 5]"
['Lucia'],"[1, 2, 3, 4, 5]"
['Emersyn'],"[1, 2, 3, 4, 5]"
['Callie'],"[1, 2, 3, 4, 5]"
['Sienna'],"[1, 2, 3, 4, 5]"
['Blakely'],"[1, 2, 3, 4, 5]"
['Kehlani'],"[1, 2, 3, 4, 5]"
['Genevieve'],"[1, 2, 3, 4, 5]"
['Alina'],"[1, 2, 3, 4, 5]"
['Bailey'],"[1, 2, 3, 4, 5]"
['Juniper'],"[1, 2, 3, 4, 5]"
['Maeve'],"[1, 2, 3, 4, 5]"
['Molly'],"[1, 2, 3, 4, 5]"
['Harmony'],"[1, 2, 3, 4, 5]"
['Georgia'],"[1, 2, 3, 4, 5]"
['Magnolia'],"[1, 2, 3, 4, 5]"
['Catalina'],"[1, 2, 3, 4, 5]"
['Freya'],"[1, 2, 3, 4, 5]"
['Juliette'],"[1, 2, 3, 4, 5]"
['Sloane'],"[1, 2, 3, 4, 5]"
['June'],"[1, 2, 3, 4, 5]"
['Sara'],"[1, 2, 3, 4, 5]"
['Ada'],"[1, 2, 3, 4, 5]"
['Kimberly'],"[1, 2, 3, 4, 5]"
['River'],"[1, 2, 3, 4, 5]"
['Ember'],"[1, 2, 3, 4, 5]"
['Juliana'],"[1, 2, 3, 4, 5]"
['Aliyah'],"[1, 2, 3, 4, 5]"
['Millie'],"[1, 2, 3, 4, 5]"
['Brynlee'],"[1, 2, 3, 4, 5]"
['Teagan'],"[1, 2, 3, 4, 5]"
['Morgan'],"[1, 2, 3, 4, 5]"
['Jordyn'],"[1, 2, 3, 4, 5]"
['London'],"[1, 2, 3, 4, 5]"
['Alaina'],"[1, 2, 3, 4, 5]"
['Olive'],"[1, 2, 3, 4, 5]"
['Rosalie'],"[1, 2, 3, 4, 5]"
['Alyssa'],"[1, 2, 3, 4, 5]"
['Ariel'],"[1, 2, 3, 4, 5]"
['Finley'],"[1, 2, 3, 4, 5]"
['Arabella'],"[1, 2, 3, 4, 5]"
['Journee'],"[1, 2, 3, 4, 5]"
['Hope'],"[1, 2, 3, 4, 5]"
['Leila'],"[1, 2, 3, 4, 5]"
['Alana'],"[1, 2, 3, 4, 5]"
['Gemma'],"[1, 2, 3, 4, 5]"
['Vanessa'],"[1, 2, 3, 4, 5]"
['Gracie'],"[1, 2, 3, 4, 5]"
['Noelle'],"[1, 2, 3, 4, 5]"
['Marley'],"[1, 2, 3, 4, 5]"
['Elise'],"[1, 2, 3, 4, 5]"
['Presley'],"[1, 2, 3, 4, 5]"
['Kamila'],"[1, 2, 3, 4, 5]"
['Zara'],"[1, 2, 3, 4, 5]"
['Amy'],"[1, 2, 3, 4, 5]"
['Kayla'],"[1, 2, 3, 4, 5]"
['Payton'],"[1, 2, 3, 4, 5]"
['Blake'],"[1, 2, 3, 4, 5]"
['Ruth'],"[1, 2, 3, 4, 5]"
['Alani'],"[1, 2, 3, 4, 5]"
['Annabelle'],"[1, 2, 3, 4, 5]"
['Sage'],"[1, 2, 3, 4, 5]"
['Aspen'],"[1, 2, 3, 4, 5]"
['Laila'],"[1, 2, 3, 4, 5]"
['Lila'],"[1, 2, 3, 4, 5]"
['Rachel'],"[1, 2, 3, 4, 5]"
['Trinity'],"[1, 2, 3, 4, 5]"
['Daniela'],"[1, 2, 3, 4, 5]"
['Alexa'],"[1, 2, 3, 4, 5]"
['Lilly'],"[1, 2, 3, 4, 5]"
['Lauren'],"[1, 2, 3, 4, 5]"
['Elsie'],"[1, 2, 3, 4, 5]"
['Margot'],"[1, 2, 3, 4, 5]"
['Adelyn'],"[1, 2, 3, 4, 5]"
['Zuri'],"[1, 2, 3, 4, 5]"
['Brooke'],"[1, 2, 3, 4, 5]"
['Sawyer'],"[1, 2, 3, 4, 5]"
['Lilah'],"[1, 2, 3, 4, 5]"
['Lola'],"[1, 2, 3, 4, 5]"
['Selena'],"[1, 2, 3, 4, 5]"
['Mya'],"[1, 2, 3, 4, 5]"
['Sydney'],"[1, 2, 3, 4, 5]"
['Diana'],"[1, 2, 3, 4, 5]"
['Ana'],"[1, 2, 3, 4, 5]"
['Vera'],"[1, 2, 3, 4, 5]"
['Alayna'],"[1, 2, 3, 4, 5]"
['Nyla'],"[1, 2, 3, 4, 5]"
['Elaina'],"[1, 2, 3, 4, 5]"
['Rebecca'],"[1, 2, 3, 4, 5]"
['Angela'],"[1, 2, 3, 4, 5]"
['Kali'],"[1, 2, 3, 4, 5]"
['Alivia'],"[1, 2, 3, 4, 5]"
['Raegan'],"[1, 2, 3, 4, 5]"
['Rowan'],"[1, 2, 3, 4, 5]"
['Phoebe'],"[1, 2, 3, 4, 5]"
['Camilla'],"[1, 2, 3, 4, 5]"
['Joanna'],"[1, 2, 3, 4, 5]"
['Malia'],"[1, 2, 3, 4, 5]"
['Vivienne'],"[1, 2, 3, 4, 5]"
['Dakota'],"[1, 2, 3, 4, 5]"
['Brooklynn'],"[1, 2, 3, 4, 5]"
['Evangeline'],"[1, 2, 3, 4, 5]"
['Camille'],"[1, 2, 3, 4, 5]"
['Jane'],"[1, 2, 3, 4, 5]"
['Nicole'],"[1, 2, 3, 4, 5]"
['Catherine'],"[1, 2, 3, 4, 5]"
['Jocelyn'],"[1, 2, 3, 4, 5]"
['Julianna'],"[1, 2, 3, 4, 5]"
['Lena'],"[1, 2, 3, 4, 5]"
['Lucille'],"[1, 2, 3, 4, 5]"
['Mckenna'],"[1, 2, 3, 4, 5]"
['Paige'],"[1, 2, 3, 4, 5]"
['Adelaide'],"[1, 2, 3, 4, 5]"
['Charlee'],"[1, 2, 3, 4, 5]"
['Mariana'],"[1, 2, 3, 4, 5]"
['Myla'],"[1, 2, 3, 4, 5]"
['Mckenzie'],"[1, 2, 3, 4, 5]"
['Tessa'],"[1, 2, 3, 4, 5]"
['Miriam'],"[1, 2, 3, 4, 5]"
['Oakley'],"[1, 2, 3, 4, 5]"
['Kailani'],"[1, 2, 3, 4, 5]"
['Alayah'],"[1, 2, 3, 4, 5]"
['Amira'],"[1, 2, 3, 4, 5]"
['Adaline'],"[1, 2, 3, 4, 5]"
['Phoenix'],"[1, 2, 3, 4, 5]"
['Milani'],"[1, 2, 3, 4, 5]"
['Annie'],"[1, 2, 3, 4, 5]"
['Lia'],"[1, 2, 3, 4, 5]"
['Angelina'],"[1, 2, 3, 4, 5]"
['Harley'],"[1, 2, 3, 4, 5]"
['Cali'],"[1, 2, 3, 4, 5]"
['Maggie'],"[1, 2, 3, 4, 5]"
['Hayden'],"[1, 2, 3, 4, 5]"
['Leia'],"[1, 2, 3, 4, 5]"
['Fiona'],"[1, 2, 3, 4, 5]"
['Briella'],"[1, 2, 3, 4, 5]"
['Journey'],"[1, 2, 3, 4, 5]"
['Lennon'],"[1, 2, 3, 4, 5]"
['Saylor'],"[1, 2, 3, 4, 5]"
['Jayla'],"[1, 2, 3, 4, 5]"
['Kaia'],"[1, 2, 3, 4, 5]"
['Thea'],"[1, 2, 3, 4, 5]"
['Adriana'],"[1, 2, 3, 4, 5]"
['Mariah'],"[1, 2, 3, 4, 5]"
['Juliet'],"[1, 2, 3, 4, 5]"
['Oaklynn'],"[1, 2, 3, 4, 5]"
['Kiara'],"[1, 2, 3, 4, 5]"
['Alexis'],"[1, 2, 3, 4, 5]"
['Haven'],"[1, 2, 3, 4, 5]"
['Aniyah'],"[1, 2, 3, 4, 5]"
['Delaney'],"[1, 2, 3, 4, 5]"
['Gracelynn'],"[1, 2, 3, 4, 5]"
['Kendall'],"[1, 2, 3, 4, 5]"
['Winter'],"[1, 2, 3, 4, 5]"
['Lilith'],"[1, 2, 3, 4, 5]"
['Logan'],"[1, 2, 3, 4, 5]"
['Amiyah'],"[1, 2, 3, 4, 5]"
['Evie'],"[1, 2, 3, 4, 5]"
['Alexandria'],"[1, 2, 3, 4, 5]"
['Gracelyn'],"[1, 2, 3, 4, 5]"
['Gabriela'],"[1, 2, 3, 4, 5]"
['Sutton'],"[1, 2, 3, 4, 5]"
['Harlow'],"[1, 2, 3, 4, 5]"
['Madilyn'],"[1, 2, 3, 4, 5]"
['Makayla'],"[1, 2, 3, 4, 5]"
['Evelynn'],"[1, 2, 3, 4, 5]"
['Gia'],"[1, 2, 3, 4, 5]"
['Nina'],"[1, 2, 3, 4, 5]"
['Amina'],"[1, 2, 3, 4, 5]"
['Giselle'],"[1, 2, 3, 4, 5]"
['Brynn'],"[1, 2, 3, 4, 5]"
['Blair'],"[1, 2, 3, 4, 5]"
['Amari'],"[1, 2, 3, 4, 5]"
['Octavia'],"[1, 2, 3, 4, 5]"
['Michelle'],"[1, 2, 3, 4, 5]"
['Talia'],"[1, 2, 3, 4, 5]"
['Demi'],"[1, 2, 3, 4, 5]"
['Alaya'],"[1, 2, 3, 4, 5]"
['Kaylani'],"[1, 2, 3, 4, 5]"
['Izabella'],"[1, 2, 3, 4, 5]"
['Fatima'],"[1, 2, 3, 4, 5]"
['Tatum'],"[1, 2, 3, 4, 5]"
['Makenzie'],"[1, 2, 3, 4, 5]"
['Lilliana'],"[1, 2, 3, 4, 5]"
['Arielle'],"[1, 2, 3, 4, 5]"
['Palmer'],"[1, 2, 3, 4, 5]"
['Melissa'],"[1, 2, 3, 4, 5]"
['Willa'],"[1, 2, 3, 4, 5]"
['Samara'],"[1, 2, 3, 4, 5]"
['Destiny'],"[1, 2, 3, 4, 5]"
['Dahlia'],"[1, 2, 3, 4, 5]"
['Celeste'],"[1, 2, 3, 4, 5]"
['Ainsley'],"[1, 2, 3, 4, 5]"
['Rylie'],"[1, 2, 3, 4, 5]"
['Reign'],"[1, 2, 3, 4, 5]"
['Laura'],"[1, 2, 3, 4, 5]"
['Adelynn'],"[1, 2, 3, 4, 5]"
['Gabrielle'],"[1, 2, 3, 4, 5]"
['Remington'],"[1, 2, 3, 4, 5]"
['Wren'],"[1, 2, 3, 4, 5]"
['Brinley'],"[1, 2, 3, 4, 5]"
['Amora'],"[1, 2, 3, 4, 5]"
['Lainey'],"[1, 2, 3, 4, 5]"
['Collins'],"[1, 2, 3, 4, 5]"
['Lexi'],"[1, 2, 3, 4, 5]"
['Aitana'],"[1, 2, 3, 4, 5]"
['Alessandra'],"[1, 2, 3, 4, 5]"
['Kenzie'],"[1, 2, 3, 4, 5]"
['Raelyn'],"[1, 2, 3, 4, 5]"
['Elle'],"[1, 2, 3, 4, 5]"
['Everlee'],"[1, 2, 3, 4, 5]"
['Haisley'],"[1, 2, 3, 4, 5]"
['Hallie'],"[1, 2, 3, 4, 5]"
['Wynter'],"[1, 2, 3, 4, 5]"
['Daleyza'],"[1, 2, 3, 4, 5]"
['Gwendolyn'],"[1, 2, 3, 4, 5]"
['Paislee'],"[1, 2, 3, 4, 5]"
['Ariyah'],"[1, 2, 3, 4, 5]"
['Veronica'],"[1, 2, 3, 4, 5]"
['Heidi'],"[1, 2, 3, 4, 5]"
['Anaya'],"[1, 2, 3, 4, 5]"
['Cataleya'],"[1, 2, 3, 4, 5]"
['Kira'],"[1, 2, 3, 4, 5]"
['Avianna'],"[1, 2, 3, 4, 5]"
['Felicity'],"[1, 2, 3, 4, 5]"
['Aylin'],"[1, 2, 3, 4, 5]"
['Miracle'],"[1, 2, 3, 4, 5]"
['Sabrina'],"[1, 2, 3, 4, 5]"
['Lana'],"[1, 2, 3, 4, 5]"
['Ophelia'],"[1, 2, 3, 4, 5]"
['Elianna'],"[1, 2, 3, 4, 5]"
['Royalty'],"[1, 2, 3, 4, 5]"
['Madeleine'],"[1, 2, 3, 4, 5]"
['Esmeralda'],"[1, 2, 3, 4, 5]"
['Joy'],"[1, 2, 3, 4, 5]"
['Kalani'],"[1, 2, 3, 4, 5]"
['Esme'],"[1, 2, 3, 4, 5]"
['Jessica'],"[1, 2, 3, 4, 5]"
['Leighton'],"[1, 2, 3, 4, 5]"
['Ariah'],"[1, 2, 3, 4, 5]"
['Makenna'],"[1, 2, 3, 4, 5]"
['Nylah'],"[1, 2, 3, 4, 5]"
['Viviana'],"[1, 2, 3, 4, 5]"
['Camryn'],"[1, 2, 3, 4, 5]"
['Cassidy'],"[1, 2, 3, 4, 5]"
['Dream'],"[1, 2, 3, 4, 5]"
['Luciana'],"[1, 2, 3, 4, 5]"
['Maisie'],"[1, 2, 3, 4, 5]"
['Stevie'],"[1, 2, 3, 4, 5]"
['Kate'],"[1, 2, 3, 4, 5]"
['Lyric'],"[1, 2, 3, 4, 5]"
['Daniella'],"[1, 2, 3, 4, 5]"
['Alicia'],"[1, 2, 3, 4, 5]"
['Daphne'],"[1, 2, 3, 4, 5]"
['Frances'],"[1, 2, 3, 4, 5]"
['Charli'],"[1, 2, 3, 4, 5]"
['Raven'],"[1, 2, 3, 4, 5]"
['Paris'],"[1, 2, 3, 4, 5]"
['Nayeli'],"[1, 2, 3, 4, 5]"
['Serena'],"[1, 2, 3, 4, 5]"
['Heaven'],"[1, 2, 3, 4, 5]"
['Bianca'],"[1, 2, 3, 4, 5]"
['Helen'],"[1, 2, 3, 4, 5]"
['Hattie'],"[1, 2, 3, 4, 5]"
['Averie'],"[1, 2, 3, 4, 5]"
['Mabel'],"[1, 2, 3, 4, 5]"
['Selah'],"[1, 2, 3, 4, 5]"
['Allie'],"[1, 2, 3, 4, 5]"
['Marlee'],"[1, 2, 3, 4, 5]"
['Kinley'],"[1, 2, 3, 4, 5]"
['Regina'],"[1, 2, 3, 4, 5]"
['Carmen'],"[1, 2, 3, 4, 5]"
['Jennifer'],"[1, 2, 3, 4, 5]"
['Jordan'],"[1, 2, 3, 4, 5]"
['Alison'],"[1, 2, 3, 4, 5]"
['Stephanie'],"[1, 2, 3, 4, 5]"
['Maren'],"[1, 2, 3, 4, 5]"
['Kayleigh'],"[1, 2, 3, 4, 5]"
['Angel'],"[1, 2, 3, 4, 5]"
['Annalise'],"[1, 2, 3, 4, 5]"
['Jacqueline'],"[1, 2, 3, 4, 5]"
['Braelynn'],"[1, 2, 3, 4, 5]"
['Emory'],"[1, 2, 3, 4, 5]"
['Rosemary'],"[1, 2, 3, 4, 5]"
['Scarlet'],"[1, 2, 3, 4, 5]"
['Amanda'],"[1, 2, 3, 4, 5]"
['Danielle'],"[1, 2, 3, 4, 5]"
['Emelia'],"[1, 2, 3, 4, 5]"
['Ryan'],"[1, 2, 3, 4, 5]"
['Carolina'],"[1, 2, 3, 4, 5]"
['Astrid'],"[1, 2, 3, 4, 5]"
['Kensley'],"[1, 2, 3, 4, 5]"
['Shiloh'],"[1, 2, 3, 4, 5]"
['Maci'],"[1, 2, 3, 4, 5]"
['Francesca'],"[1, 2, 3, 4, 5]"
['Rory'],"[1, 2, 3, 4, 5]"
['Celine'],"[1, 2, 3, 4, 5]"
['Kamryn'],"[1, 2, 3, 4, 5]"
['Zariah'],"[1, 2, 3, 4, 5]"
['Liana'],"[1, 2, 3, 4, 5]"
['Poppy'],"[1, 2, 3, 4, 5]"
['Maliyah'],"[1, 2, 3, 4, 5]"
['Keira'],"[1, 2, 3, 4, 5]"
['Skyler'],"[1, 2, 3, 4, 5]"
['Noa'],"[1, 2, 3, 4, 5]"
['Skye'],"[1, 2, 3, 4, 5]"
['Nadia'],"[1, 2, 3, 4, 5]"
['Addilyn'],"[1, 2, 3, 4, 5]"
['Rosie'],"[1, 2, 3, 4, 5]"
['Eve'],"[1, 2, 3, 4, 5]"
['Sarai'],"[1, 2, 3, 4, 5]"
['Edith'],"[1, 2, 3, 4, 5]"
['Jolene'],"[1, 2, 3, 4, 5]"
['Maddison'],"[1, 2, 3, 4, 5]"
['Meadow'],"[1, 2, 3, 4, 5]"
['Charleigh'],"[1, 2, 3, 4, 5]"
['Matilda'],"[1, 2, 3, 4, 5]"
['Elliott'],"[1, 2, 3, 4, 5]"
['Madelynn'],"[1, 2, 3, 4, 5]"
['Holly'],"[1, 2, 3, 4, 5]"
['Leona'],"[1, 2, 3, 4, 5]"
['Azalea'],"[1, 2, 3, 4, 5]"
['Katie'],"[1, 2, 3, 4, 5]"
['Mira'],"[1, 2, 3, 4, 5]"
['Ari'],"[1, 2, 3, 4, 5]"
['Kaitlyn'],"[1, 2, 3, 4, 5]"
['Danna'],"[1, 2, 3, 4, 5]"
['Cameron'],"[1, 2, 3, 4, 5]"
['Kyla'],"[1, 2, 3, 4, 5]"
['Bristol'],"[1, 2, 3, 4, 5]"
['Kora'],"[1, 2, 3, 4, 5]"
['Armani'],"[1, 2, 3, 4, 5]"
['Nia'],"[1, 2, 3, 4, 5]"
['Malani'],"[1, 2, 3, 4, 5]"
['Dylan'],"[1, 2, 3, 4, 5]"
['Remy'],"[1, 2, 3, 4, 5]"
['Maia'],"[1, 2, 3, 4, 5]"
['Dior'],"[1, 2, 3, 4, 5]"
['Legacy'],"[1, 2, 3, 4, 5]"
['Alessia'],"[1, 2, 3, 4, 5]"
['Shelby'],"[1, 2, 3, 4, 5]"
['Maryam'],"[1, 2, 3, 4, 5]"
['Sylvia'],"[1, 2, 3, 4, 5]"
['Yaretzi'],"[1, 2, 3, 4, 5]"
['Lorelei'],"[1, 2, 3, 4, 5]"
['Madilynn'],"[1, 2, 3, 4, 5]"
['Abby'],"[1, 2, 3, 4, 5]"
['Helena'],"[1, 2, 3, 4, 5]"
['Jimena'],"[1, 2, 3, 4, 5]"
['Elisa'],"[1, 2, 3, 4, 5]"
['Renata'],"[1, 2, 3, 4, 5]"
['Amber'],"[1, 2, 3, 4, 5]"
['Aviana'],"[1, 2, 3, 4, 5]"
['Carter'],"[1, 2, 3, 4, 5]"
['Emmy'],"[1, 2, 3, 4, 5]"
['Haley'],"[1, 2, 3, 4, 5]"
['Alondra'],"[1, 2, 3, 4, 5]"
['Elaine'],"[1, 2, 3, 4, 5]"
['Erin'],"[1, 2, 3, 4, 5]"
['April'],"[1, 2, 3, 4, 5]"
['Emely'],"[1, 2, 3, 4, 5]"
['Imani'],"[1, 2, 3, 4, 5]"
['Kennedi'],"[1, 2, 3, 4, 5]"
['Lorelai'],"[1, 2, 3, 4, 5]"
['Hanna'],"[1, 2, 3, 4, 5]"
['Kelsey'],"[1, 2, 3, 4, 5]"
['Aurelia'],"[1, 2, 3, 4, 5]"
['Colette'],"[1, 2, 3, 4, 5]"
['Jaliyah'],"[1, 2, 3, 4, 5]"
['Kylee'],"[1, 2, 3, 4, 5]"
['Macie'],"[1, 2, 3, 4, 5]"
['Aisha'],"[1, 2, 3, 4, 5]"
['Dorothy'],"[1, 2, 3, 4, 5]"
['Charley'],"[1, 2, 3, 4, 5]"
['Kathryn'],"[1, 2, 3, 4, 5]"
['Adelina'],"[1, 2, 3, 4, 5]"
['Adley'],"[1, 2, 3, 4, 5]"
['Monroe'],"[1, 2, 3, 4, 5]"
['Sierra'],"[1, 2, 3, 4, 5]"
['Ailani'],"[1, 2, 3, 4, 5]"
['Miranda'],"[1, 2, 3, 4, 5]"
['Mikayla'],"[1, 2, 3, 4, 5]"
['Alejandra'],"[1, 2, 3, 4, 5]"
['Amirah'],"[1, 2, 3, 4, 5]"
['Jada'],"[1, 2, 3, 4, 5]"
['Jazlyn'],"[1, 2, 3, 4, 5]"
['Jenna'],"[1, 2, 3, 4, 5]"
['Jayleen'],"[1, 2, 3, 4, 5]"
['Beatrice'],"[1, 2, 3, 4, 5]"
['Kendra'],"[1, 2, 3, 4, 5]"
['Lyra'],"[1, 2, 3, 4, 5]"
['Nola'],"[1, 2, 3, 4, 5]"
['Emberly'],"[1, 2, 3, 4, 5]"
['Mckinley'],"[1, 2, 3, 4, 5]"
['Myra'],"[1, 2, 3, 4, 5]"
['Katalina'],"[1, 2, 3, 4, 5]"
['Antonella'],"[1, 2, 3, 4, 5]"
['Zelda'],"[1, 2, 3, 4, 5]"
['Alanna'],"[1, 2, 3, 4, 5]"
['Amaia'],"[1, 2, 3, 4, 5]"
['Priscilla'],"[1, 2, 3, 4, 5]"
['Briar'],"[1, 2, 3, 4, 5]"
['Kaliyah'],"[1, 2, 3, 4, 5]"
['Itzel'],"[1, 2, 3, 4, 5]"
['Oaklyn'],"[1, 2, 3, 4, 5]"
['Alma'],"[1, 2, 3, 4, 5]"
['Mallory'],"[1, 2, 3, 4, 5]"
['Novah'],"[1, 2, 3, 4, 5]"
['Amalia'],"[1, 2, 3, 4, 5]"
['Fernanda'],"[1, 2, 3, 4, 5]"
['Alia'],"[1, 2, 3, 4, 5]"
['Angelica'],"[1, 2, 3, 4, 5]"
['Elliot'],"[1, 2, 3, 4, 5]"
['Justice'],"[1, 2, 3, 4, 5]"
['Mae'],"[1, 2, 3, 4, 5]"
['Cecelia'],"[1, 2, 3, 4, 5]"
['Gloria'],"[1, 2, 3, 4, 5]"
['Ariya'],"[1, 2, 3, 4, 5]"
['Virginia'],"[1, 2, 3, 4, 5]"
['Cheyenne'],"[1, 2, 3, 4, 5]"
['Aleah'],"[1, 2, 3, 4, 5]"
['Jemma'],"[1, 2, 3, 4, 5]"
['Henley'],"[1, 2, 3, 4, 5]"
['Meredith'],"[1, 2, 3, 4, 5]"
['Leyla'],"[1, 2, 3, 4, 5]"
['Lennox'],"[1, 2, 3, 4, 5]"
['Ensley'],"[1, 2, 3, 4, 5]"
['Zahra'],"[1, 2, 3, 4, 5]"
['Reina'],"[1, 2, 3, 4, 5]"
['Frankie'],"[1, 2, 3, 4, 5]"
['Lylah'],"[1, 2, 3, 4, 5]"
['Nalani'],"[1, 2, 3, 4, 5]"
['Reyna'],"[1, 2, 3, 4, 5]"
['Saige'],"[1, 2, 3, 4, 5]"
['Ivanna'],"[1, 2, 3, 4, 5]"
['Aleena'],"[1, 2, 3, 4, 5]"
['Emerie'],"[1, 2, 3, 4, 5]"
['Ivory'],"[1, 2, 3, 4, 5]"
['Leslie'],"[1, 2, 3, 4, 5]"
['Alora'],"[1, 2, 3, 4, 5]"
['Ashlyn'],"[1, 2, 3, 4, 5]"
['Bethany'],"[1, 2, 3, 4, 5]"
['Bonnie'],"[1, 2, 3, 4, 5]"
['Sasha'],"[1, 2, 3, 4, 5]"
['Xiomara'],"[1, 2, 3, 4, 5]"
['Salem'],"[1, 2, 3, 4, 5]"
['Adrianna'],"[1, 2, 3, 4, 5]"
['Dayana'],"[1, 2, 3, 4, 5]"
['Clementine'],"[1, 2, 3, 4, 5]"
['Karina'],"[1, 2, 3, 4, 5]"
['Karsyn'],"[1, 2, 3, 4, 5]"
['Emmie'],"[1, 2, 3, 4, 5]"
['Julie'],"[1, 2, 3, 4, 5]"
['Julieta'],"[1, 2, 3, 4, 5]"
['Briana'],"[1, 2, 3, 4, 5]"
['Carly'],"[1, 2, 3, 4, 5]"
['Macy'],"[1, 2, 3, 4, 5]"
['Marie'],"[1, 2, 3, 4, 5]"
['Oaklee'],"[1, 2, 3, 4, 5]"
['Christina'],"[1, 2, 3, 4, 5]"
['Malaysia'],"[1, 2, 3, 4, 5]"
['Ellis'],"[1, 2, 3, 4, 5]"
['Irene'],"[1, 2, 3, 4, 5]"
['Anne'],"[1, 2, 3, 4, 5]"
['Anahi'],"[1, 2, 3, 4, 5]"
['Mara'],"[1, 2, 3, 4, 5]"
['Rhea'],"[1, 2, 3, 4, 5]"
['Davina'],"[1, 2, 3, 4, 5]"
['Dallas'],"[1, 2, 3, 4, 5]"
['Jayda'],"[1, 2, 3, 4, 5]"
['Mariam'],"[1, 2, 3, 4, 5]"
['Skyla'],"[1, 2, 3, 4, 5]"
['Siena'],"[1, 2, 3, 4, 5]"
['Elora'],"[1, 2, 3, 4, 5]"
['Marilyn'],"[1, 2, 3, 4, 5]"
['Jazmin'],"[1, 2, 3, 4, 5]"
['Megan'],"[1, 2, 3, 4, 5]"
['Rosa'],"[1, 2, 3, 4, 5]"
['Savanna'],"[1, 2, 3, 4, 5]"
['Allyson'],"[1, 2, 3, 4, 5]"
['Milan'],"[1, 2, 3, 4, 5]"
['Coraline'],"[1, 2, 3, 4, 5]"
['Johanna'],"[1, 2, 3, 4, 5]"
['Melany'],"[1, 2, 3, 4, 5]"
['Chelsea'],"[1, 2, 3, 4, 5]"
['Michaela'],"[1, 2, 3, 4, 5]"
['Melina'],"[1, 2, 3, 4, 5]"
['Angie'],"[1, 2, 3, 4, 5]"
['Cassandra'],"[1, 2, 3, 4, 5]"
['Yara'],"[1, 2, 3, 4, 5]"
['Kassidy'],"[1, 2, 3, 4, 5]"
['Liberty'],"[1, 2, 3, 4, 5]"
['Lilian'],"[1, 2, 3, 4, 5]"
['Avah'],"[1, 2, 3, 4, 5]"
['Anya'],"[1, 2, 3, 4, 5]"
['Laney'],"[1, 2, 3, 4, 5]"
['Navy'],"[1, 2, 3, 4, 5]"
['Opal'],"[1, 2, 3, 4, 5]"
['Amani'],"[1, 2, 3, 4, 5]"
['Zaylee'],"[1, 2, 3, 4, 5]"
['Mina'],"[1, 2, 3, 4, 5]"
['Sloan'],"[1, 2, 3, 4, 5]"
['Romina'],"[1, 2, 3, 4, 5]"
['Ashlynn'],"[1, 2, 3, 4, 5]"
['Aliza'],"[1, 2, 3, 4, 5]"
['Liv'],"[1, 2, 3, 4, 5]"
['Malaya'],"[1, 2, 3, 4, 5]"
['Blaire'],"[1, 2, 3, 4, 5]"
['Janelle'],"[1, 2, 3, 4, 5]"
['Kara'],"[1, 2, 3, 4, 5]"
['Analia'],"[1, 2, 3, 4, 5]"
['Hadassah'],"[1, 2, 3, 4, 5]"
['Hayley'],"[1, 2, 3, 4, 5]"
['Karla'],"[1, 2, 3, 4, 5]"
['Chaya'],"[1, 2, 3, 4, 5]"
['Cadence'],"[1, 2, 3, 4, 5]"
['Kyra'],"[1, 2, 3, 4, 5]"
['Alena'],"[1, 2, 3, 4, 5]"
['Ellianna'],"[1, 2, 3, 4, 5]"
['Katelyn'],"[1, 2, 3, 4, 5]"
['Kimber'],"[1, 2, 3, 4, 5]"
['Laurel'],"[1, 2, 3, 4, 5]"
['Lina'],"[1, 2, 3, 4, 5]"
['Capri'],"[1, 2, 3, 4, 5]"
['Braelyn'],"[1, 2, 3, 4, 5]"
['Faye'],"[1, 2, 3, 4, 5]"
['Kamiyah'],"[1, 2, 3, 4, 5]"
['Kenna'],"[1, 2, 3, 4, 5]"
['Louise'],"[1, 2, 3, 4, 5]"
['Calliope'],"[1, 2, 3, 4, 5]"
['Kaydence'],"[1, 2, 3, 4, 5]"
['Nala'],"[1, 2, 3, 4, 5]"
['Tiana'],"[1, 2, 3, 4, 5]"
['Aileen'],"[1, 2, 3, 4, 5]"
['Sunny'],"[1, 2, 3, 4, 5]"
['Zariyah'],"[1, 2, 3, 4, 5]"
['Milana'],"[1, 2, 3, 4, 5]"
['Giuliana'],"[1, 2, 3, 4, 5]"
['Eileen'],"[1, 2, 3, 4, 5]"
['Elodie'],"[1, 2, 3, 4, 5]"
['Rayna'],"[1, 2, 3, 4, 5]"
['Monica'],"[1, 2, 3, 4, 5]"
['Galilea'],"[1, 2, 3, 4, 5]"
['Journi'],"[1, 2, 3, 4, 5]"
['Lara'],"[1, 2, 3, 4, 5]"
['Marina'],"[1, 2, 3, 4, 5]"
['Aliana'],"[1, 2, 3, 4, 5]"
['Harmoni'],"[1, 2, 3, 4, 5]"
['Jamie'],"[1, 2, 3, 4, 5]"
['Holland'],"[1, 2, 3, 4, 5]"
['Emmalyn'],"[1, 2, 3, 4, 5]"
['Lauryn'],"[1, 2, 3, 4, 5]"
['Chanel'],"[1, 2, 3, 4, 5]"
['Tinsley'],"[1, 2, 3, 4, 5]"
['Jessie'],"[1, 2, 3, 4, 5]"
['Lacey'],"[1, 2, 3, 4, 5]"
['Elyse'],"[1, 2, 3, 4, 5]"
['Janiyah'],"[1, 2, 3, 4, 5]"
['Jolie'],"[1, 2, 3, 4, 5]"
['Ezra'],"[1, 2, 3, 4, 5]"
['Marleigh'],"[1, 2, 3, 4, 5]"
['Roselyn'],"[1, 2, 3, 4, 5]"
['Lillie'],"[1, 2, 3, 4, 5]"
['Louisa'],"[1, 2, 3, 4, 5]"
['Madisyn'],"[1, 2, 3, 4, 5]"
['Penny'],"[1, 2, 3, 4, 5]"
['Kinslee'],"[1, 2, 3, 4, 5]"
['Treasure'],"[1, 2, 3, 4, 5]"
['Zaniyah'],"[1, 2, 3, 4, 5]"
['Estella'],"[1, 2, 3, 4, 5]"
['Jaylah'],"[1, 2, 3, 4, 5]"
['Khaleesi'],"[1, 2, 3, 4, 5]"
['Alexia'],"[1, 2, 3, 4, 5]"
['Dulce'],"[1, 2, 3, 4, 5]"
['Indie'],"[1, 2, 3, 4, 5]"
['Maxine'],"[1, 2, 3, 4, 5]"
['Waverly'],"[1, 2, 3, 4, 5]"
['Giovanna'],"[1, 2, 3, 4, 5]"
['Miley'],"[1, 2, 3, 4, 5]"
['Saoirse'],"[1, 2, 3, 4, 5]"
['Estrella'],"[1, 2, 3, 4, 5]"
['Greta'],"[1, 2, 3, 4, 5]"
['Rosalia'],"[1, 2, 3, 4, 5]"
['Mylah'],"[1, 2, 3, 4, 5]"
['Teresa'],"[1, 2, 3, 4, 5]"
['Bridget'],"[1, 2, 3, 4, 5]"
['Kelly'],"[1, 2, 3, 4, 5]"
['Adalee'],"[1, 2, 3, 4, 5]"
['Aubrie'],"[1, 2, 3, 4, 5]"
['Lea'],"[1, 2, 3, 4, 5]"
['Harlee'],"[1, 2, 3, 4, 5]"
['Anika'],"[1, 2, 3, 4, 5]"
['Itzayana'],"[1, 2, 3, 4, 5]"
['Hana'],"[1, 2, 3, 4, 5]"
['Kaisley'],"[1, 2, 3, 4, 5]"
['Mikaela'],"[1, 2, 3, 4, 5]"
['Naya'],"[1, 2, 3, 4, 5]"
['Avalynn'],"[1, 2, 3, 4, 5]"
['Margo'],"[1, 2, 3, 4, 5]"
['Sevyn'],"[1, 2, 3, 4, 5]"
['Florence'],"[1, 2, 3, 4, 5]"
['Keilani'],"[1, 2, 3, 4, 5]"
['Lyanna'],"[1, 2, 3, 4, 5]"
['Joelle'],"[1, 2, 3, 4, 5]"
['Kataleya'],"[1, 2, 3, 4, 5]"
['Royal'],"[1, 2, 3, 4, 5]"
['Averi'],"[1, 2, 3, 4, 5]"
['Kallie'],"[1, 2, 3, 4, 5]"
['Winnie'],"[1, 2, 3, 4, 5]"
['Baylee'],"[1, 2, 3, 4, 5]"
['Martha'],"[1, 2, 3, 4, 5]"
['Pearl'],"[1, 2, 3, 4, 5]"
['Alaiya'],"[1, 2, 3, 4, 5]"
['Rayne'],"[1, 2, 3, 4, 5]"
['Sylvie'],"[1, 2, 3, 4, 5]"
['Brylee'],"[1, 2, 3, 4, 5]"
['Jazmine'],"[1, 2, 3, 4, 5]"
['Ryann'],"[1, 2, 3, 4, 5]"
['Kori'],"[1, 2, 3, 4, 5]"
['Noemi'],"[1, 2, 3, 4, 5]"
['Haylee'],"[1, 2, 3, 4, 5]"
['Julissa'],"[1, 2, 3, 4, 5]"
['Celia'],"[1, 2, 3, 4, 5]"
['Laylah'],"[1, 2, 3, 4, 5]"
['Rebekah'],"[1, 2, 3, 4, 5]"
['Rosalee'],"[1, 2, 3, 4, 5]"
['Aya'],"[1, 2, 3, 4, 5]"
['Bria'],"[1, 2, 3, 4, 5]"
['Adele'],"[1, 2, 3, 4, 5]"
['Aubrielle'],"[1, 2, 3, 4, 5]"
['Tiffany'],"[1, 2, 3, 4, 5]"
['Addyson'],"[1, 2, 3, 4, 5]"
['Kai'],"[1, 2, 3, 4, 5]"
['Bellamy'],"[1, 2, 3, 4, 5]"
['Leilany'],"[1, 2, 3, 4, 5]"
['Princess'],"[1, 2, 3, 4, 5]"
['Chana'],"[1, 2, 3, 4, 5]"
['Estelle'],"[1, 2, 3, 4, 5]"
['Selene'],"[1, 2, 3, 4, 5]"
['Sky'],"[1, 2, 3, 4, 5]"
['Dani'],"[1, 2, 3, 4, 5]"
['Thalia'],"[1, 2, 3, 4, 5]"
['Ellen'],"[1, 2, 3, 4, 5]"
['Rivka'],"[1, 2, 3, 4, 5]"
['Amelie'],"[1, 2, 3, 4, 5]"
['Andi'],"[1, 2, 3, 4, 5]"
['Kynlee'],"[1, 2, 3, 4, 5]"
['Raina'],"[1, 2, 3, 4, 5]"
['Vienna'],"[1, 2, 3, 4, 5]"
['Alianna'],"[1, 2, 3, 4, 5]"
['Livia'],"[1, 2, 3, 4, 5]"
['Madalyn'],"[1, 2, 3, 4, 5]"
['Mercy'],"[1, 2, 3, 4, 5]"
['Novalee'],"[1, 2, 3, 4, 5]"
['Ramona'],"[1, 2, 3, 4, 5]"
['Vada'],"[1, 2, 3, 4, 5]"
['Berkley'],"[1, 2, 3, 4, 5]"
['Gwen'],"[1, 2, 3, 4, 5]"
['Persephone'],"[1, 2, 3, 4, 5]"
['Milena'],"[1, 2, 3, 4, 5]"
['Paula'],"[1, 2, 3, 4, 5]"
['Clare'],"[1, 2, 3, 4, 5]"
['Kairi'],"[1, 2, 3, 4, 5]"
['Linda'],"[1, 2, 3, 4, 5]"
['Paulina'],"[1, 2, 3, 4, 5]"
['Kamilah'],"[1, 2, 3, 4, 5]"
['Amoura'],"[1, 2, 3, 4, 5]"
['Hunter'],"[1, 2, 3, 4, 5]"
['Isabela'],"[1, 2, 3, 4, 5]"
['Karen'],"[1, 2, 3, 4, 5]"
['Marianna'],"[1, 2, 3, 4, 5]"
['Sariyah'],"[1, 2, 3, 4, 5]"
['Theodora'],"[1, 2, 3, 4, 5]"
['Annika'],"[1, 2, 3, 4, 5]"
['Kyleigh'],"[1, 2, 3, 4, 5]"
['Nellie'],"[1, 2, 3, 4, 5]"
['Scarlette'],"[1, 2, 3, 4, 5]"
['Keyla'],"[1, 2, 3, 4, 5]"
['Kailey'],"[1, 2, 3, 4, 5]"
['Mavis'],"[1, 2, 3, 4, 5]"
['Lilianna'],"[1, 2, 3, 4, 5]"
['Rosalyn'],"[1, 2, 3, 4, 5]"
['Sariah'],"[1, 2, 3, 4, 5]"
['Tori'],"[1, 2, 3, 4, 5]"
['Yareli'],"[1, 2, 3, 4, 5]"
['Aubriella'],"[1, 2, 3, 4, 5]"
['Bexley'],"[1, 2, 3, 4, 5]"
['Bailee'],"[1, 2, 3, 4, 5]"
['Jianna'],"[1, 2, 3, 4, 5]"
['Keily'],"[1, 2, 3, 4, 5]"
['Annabella'],"[1, 2, 3, 4, 5]"
['Azariah'],"[1, 2, 3, 4, 5]"
['Denisse'],"[1, 2, 3, 4, 5]"
['Promise'],"[1, 2, 3, 4, 5]"
['August'],"[1, 2, 3, 4, 5]"
['Hadlee'],"[1, 2, 3, 4, 5]"
['Halle'],"[1, 2, 3, 4, 5]"
['Fallon'],"[1, 2, 3, 4, 5]"
['Oakleigh'],"[1, 2, 3, 4, 5]"
['Zaria'],"[1, 2, 3, 4, 5]"
['Jaylin'],"[1, 2, 3, 4, 5]"
['Paisleigh'],"[1, 2, 3, 4, 5]"
['Crystal'],"[1, 2, 3, 4, 5]"
['Ila'],"[1, 2, 3, 4, 5]"
['Aliya'],"[1, 2, 3, 4, 5]"
['Cynthia'],"[1, 2, 3, 4, 5]"
['Giana'],"[1, 2, 3, 4, 5]"
['Maleah'],"[1, 2, 3, 4, 5]"
['Rylan'],"[1, 2, 3, 4, 5]"
['Aniya'],"[1, 2, 3, 4, 5]"
['Denise'],"[1, 2, 3, 4, 5]"
['Emmeline'],"[1, 2, 3, 4, 5]"
['Scout'],"[1, 2, 3, 4, 5]"
['Simone'],"[1, 2, 3, 4, 5]"
['Noah'],"[1, 2, 3, 4, 5]"
['Zora'],"[1, 2, 3, 4, 5]"
['Meghan'],"[1, 2, 3, 4, 5]"
['Landry'],"[1, 2, 3, 4, 5]"
['Ainhoa'],"[1, 2, 3, 4, 5]"
['Lilyana'],"[1, 2, 3, 4, 5]"
['Noor'],"[1, 2, 3, 4, 5]"
['Belen'],"[1, 2, 3, 4, 5]"
['Brynleigh'],"[1, 2, 3, 4, 5]"
['Cleo'],"[1, 2, 3, 4, 5]"
['Meilani'],"[1, 2, 3, 4, 5]"
['Karter'],"[1, 2, 3, 4, 5]"
['Amaris'],"[1, 2, 3, 4, 5]"
['Frida'],"[1, 2, 3, 4, 5]"
['Iliana'],"[1, 2, 3, 4, 5]"
['Violeta'],"[1, 2, 3, 4, 5]"
['Addisyn'],"[1, 2, 3, 4, 5]"
['Nancy'],"[1, 2, 3, 4, 5]"
['Denver'],"[1, 2, 3, 4, 5]"
['Leanna'],"[1, 2, 3, 4, 5]"
['Braylee'],"[1, 2, 3, 4, 5]"
['Kiana'],"[1, 2, 3, 4, 5]"
['Wrenley'],"[1, 2, 3, 4, 5]"
['Barbara'],"[1, 2, 3, 4, 5]"
['Khalani'],"[1, 2, 3, 4, 5]"
['Aspyn'],"[1, 2, 3, 4, 5]"
['Ellison'],"[1, 2, 3, 4, 5]"
['Judith'],"[1, 2, 3, 4, 5]"
['Robin'],"[1, 2, 3, 4, 5]"
['Valery'],"[1, 2, 3, 4, 5]"
['Aila'],"[1, 2, 3, 4, 5]"
['Deborah'],"[1, 2, 3, 4, 5]"
['Cara'],"[1, 2, 3, 4, 5]"
['Clarissa'],"[1, 2, 3, 4, 5]"
['Iyla'],"[1, 2, 3, 4, 5]"
['Lexie'],"[1, 2, 3, 4, 5]"
['Anais'],"[1, 2, 3, 4, 5]"
['Kaylie'],"[1, 2, 3, 4, 5]"
['Nathalie'],"[1, 2, 3, 4, 5]"
['Alisson'],"[1, 2, 3, 4, 5]"
['Della'],"[1, 2, 3, 4, 5]"
['Addilynn'],"[1, 2, 3, 4, 5]"
['Elsa'],"[1, 2, 3, 4, 5]"
['Zoya'],"[1, 2, 3, 4, 5]"
['Layne'],"[1, 2, 3, 4, 5]"
['Marlowe'],"[1, 2, 3, 4, 5]"
['Jovie'],"[1, 2, 3, 4, 5]"
['Kenia'],"[1, 2, 3, 4, 5]"
['Samira'],"[1, 2, 3, 4, 5]"
['Jaylee'],"[1, 2, 3, 4, 5]"
['Jenesis'],"[1, 2, 3, 4, 5]"
['Etta'],"[1, 2, 3, 4, 5]"
['Shay'],"[1, 2, 3, 4, 5]"
['Amayah'],"[1, 2, 3, 4, 5]"
['Avayah'],"[1, 2, 3, 4, 5]"
['Egypt'],"[1, 2, 3, 4, 5]"
['Flora'],"[1, 2, 3, 4, 5]"
['Raquel'],"[1, 2, 3, 4, 5]"
['Whitney'],"[1, 2, 3, 4, 5]"
['Zola'],"[1, 2, 3, 4, 5]"
['Giavanna'],"[1, 2, 3, 4, 5]"
['Raya'],"[1, 2, 3, 4, 5]"
['Veda'],"[1, 2, 3, 4, 5]"
['Halo'],"[1, 2, 3, 4, 5]"
['Paloma'],"[1, 2, 3, 4, 5]"
['Nataly'],"[1, 2, 3, 4, 5]"
['Whitley'],"[1, 2, 3, 4, 5]"
['Dalary'],"[1, 2, 3, 4, 5]"
['Drew'],"[1, 2, 3, 4, 5]"
['Guadalupe'],"[1, 2, 3, 4, 5]"
['Kamari'],"[1, 2, 3, 4, 5]"
['Esperanza'],"[1, 2, 3, 4, 5]"
['Loretta'],"[1, 2, 3, 4, 5]"
['Malayah'],"[1, 2, 3, 4, 5]"
['Natasha'],"[1, 2, 3, 4, 5]"
['Stormi'],"[1, 2, 3, 4, 5]"
['Ansley'],"[1, 2, 3, 4, 5]"
['Carolyn'],"[1, 2, 3, 4, 5]"
['Corinne'],"[1, 2, 3, 4, 5]"
['Paola'],"[1, 2, 3, 4, 5]"
['Brittany'],"[1, 2, 3, 4, 5]"
['Emerald'],"[1, 2, 3, 4, 5]"
['Freyja'],"[1, 2, 3, 4, 5]"
['Zainab'],"[1, 2, 3, 4, 5]"
['Artemis'],"[1, 2, 3, 4, 5]"
['Jillian'],"[1, 2, 3, 4, 5]"
['Kimora'],"[1, 2, 3, 4, 5]"
['Zoie'],"[1, 2, 3, 4, 5]"
['Aislinn'],"[1, 2, 3, 4, 5]"
['Emmaline'],"[1, 2, 3, 4, 5]"
['Ayleen'],"[1, 2, 3, 4, 5]"
['Queen'],"[1, 2, 3, 4, 5]"
['Jaycee'],"[1, 2, 3, 4, 5]"
['Murphy'],"[1, 2, 3, 4, 5]"
['Nyomi'],"[1, 2, 3, 4, 5]"
['Elina'],"[1, 2, 3, 4, 5]"
['Hadleigh'],"[1, 2, 3, 4, 5]"
['Marceline'],"[1, 2, 3, 4, 5]"
['Marisol'],"[1, 2, 3, 4, 5]"
['Yasmin'],"[1, 2, 3, 4, 5]"
['Zendaya'],"[1, 2, 3, 4, 5]"
['Chandler'],"[1, 2, 3, 4, 5]"
['Emani'],"[1, 2, 3, 4, 5]"
['Jaelynn'],"[1, 2, 3, 4, 5]"
['Kaiya'],"[1, 2, 3, 4, 5]"
['Nathalia'],"[1, 2, 3, 4, 5]"
['Violette'],"[1, 2, 3, 4, 5]"
['Joyce'],"[1, 2, 3, 4, 5]"
['Paityn'],"[1, 2, 3, 4, 5]"
['Elisabeth'],"[1, 2, 3, 4, 5]"
['Emmalynn'],"[1, 2, 3, 4, 5]"
['Luella'],"[1, 2, 3, 4, 5]"
['Yamileth'],"[1, 2, 3, 4, 5]"
['Aarya'],"[1, 2, 3, 4, 5]"
['Luisa'],"[1, 2, 3, 4, 5]"
['Zhuri'],"[1, 2, 3, 4, 5]"
['Araceli'],"[1, 2, 3, 4, 5]"
['Harleigh'],"[1, 2, 3, 4, 5]"
['Madalynn'],"[1, 2, 3, 4, 5]"
['Melani'],"[1, 2, 3, 4, 5]"
['Laylani'],"[1, 2, 3, 4, 5]"
['Magdalena'],"[1, 2, 3, 4, 5]"
['Mazikeen'],"[1, 2, 3, 4, 5]"
['Belle'],"[1, 2, 3, 4, 5]"
['Kadence'],"[1, 2, 3, 4, 5]"
